accountsservice,0.6.43-1,CVE-2018-14036,3.0,6.5
apt,1.0.9.10,CVE-2016-1252,3.0,5.9
avahi,0.6.32-2,CVE-2017-6519,3.0,9.1
berkeleydb,5.3.28-12+deb9u1,CVE-2016-3418,3.0,7.8
berkeleydb,5.3.28-12+deb9u1,CVE-2016-0694,3.0,7.8
berkeleydb,5.3.28-12+deb9u1,CVE-2016-0692,3.0,7.8
berkeleydb,5.3.28-12+deb9u1,CVE-2016-0689,3.0,7.8
berkeleydb,5.3.28-12+deb9u1,CVE-2016-0682,3.0,7.8
berkeleydb,5.3.28-13,CVE-2016-3418,3.0,7.8
berkeleydb,5.3.28-13,CVE-2016-0694,3.0,7.8
berkeleydb,5.3.28-13,CVE-2016-0692,3.0,7.8
berkeleydb,5.3.28-13,CVE-2016-0689,3.0,7.8
berkeleydb,5.3.28-13,CVE-2016-0682,3.0,7.8
bind,9.10.3.dfsg.P4-12.3+deb9u4,CVE-2016-6170,3.0,6.5
bind,9.10.3.dfsg.P4-12.5,CVE-2016-6170,3.0,6.5
binutils,2.28-5,CVE-2018-7643,3.0,7.8
binutils,2.28-5,CVE-2018-7208,3.0,7.8
binutils,2.28-5,CVE-2018-6543,3.0,7.8
binutils,2.28-5,CVE-2018-6323,3.0,7.8
binutils,2.28-5,CVE-2017-17126,3.0,7.8
binutils,2.28-5,CVE-2017-17125,3.0,7.8
binutils,2.28-5,CVE-2017-17124,3.0,7.8
binutils,2.28-5,CVE-2017-17122,3.0,7.8
binutils,2.28-5,CVE-2017-17121,3.0,7.8
binutils,2.28-5,CVE-2017-16832,3.0,7.8
binutils,2.28-5,CVE-2017-16831,3.0,7.8
binutils,2.28-5,CVE-2017-16830,3.0,7.8
binutils,2.28-5,CVE-2017-16829,3.0,7.8
binutils,2.28-5,CVE-2017-16828,3.0,7.8
binutils,2.28-5,CVE-2017-16827,3.0,7.8
binutils,2.28-5,CVE-2017-16826,3.0,7.8
binutils,2.28-5,CVE-2017-15996,3.0,7.8
binutils,2.28-5,CVE-2017-15020,3.0,7.8
binutils,2.28-5,CVE-2017-14745,3.0,7.8
binutils,2.28-5,CVE-2017-14729,3.0,7.8
binutils,2.28-5,CVE-2017-14333,3.0,7.8
binutils,2.28-5,CVE-2017-12799,3.0,7.8
binutils,2.28-5,CVE-2017-12459,3.0,7.8
binutils,2.28-5,CVE-2017-12458,3.0,7.8
binutils,2.28-5,CVE-2017-12457,3.0,7.8
binutils,2.28-5,CVE-2017-12456,3.0,7.8
binutils,2.28-5,CVE-2017-12455,3.0,7.8
binutils,2.28-5,CVE-2017-12454,3.0,7.8
binutils,2.28-5,CVE-2017-12453,3.0,7.8
binutils,2.28-5,CVE-2017-12452,3.0,7.8
binutils,2.28-5,CVE-2017-12451,3.0,7.8
binutils,2.28-5,CVE-2017-12450,3.0,7.8
binutils,2.28-5,CVE-2017-12449,3.0,7.8
binutils,2.28-5,CVE-2017-12448,3.0,7.8
binutils,2.28-5,CVE-2017-9756,3.0,7.8
binutils,2.28-5,CVE-2017-9755,3.0,7.8
binutils,2.28-5,CVE-2017-9754,3.0,7.8
binutils,2.28-5,CVE-2017-9753,3.0,7.8
binutils,2.28-5,CVE-2017-9752,3.0,7.8
binutils,2.28-5,CVE-2017-9751,3.0,7.8
binutils,2.28-5,CVE-2017-9750,3.0,7.8
binutils,2.28-5,CVE-2017-9749,3.0,7.8
binutils,2.28-5,CVE-2017-9748,3.0,7.8
binutils,2.28-5,CVE-2017-9747,3.0,7.8
binutils,2.28-5,CVE-2017-9746,3.0,7.8
binutils,2.28-5,CVE-2017-9745,3.0,7.8
binutils,2.28-5,CVE-2017-9744,3.0,7.8
binutils,2.28-5,CVE-2017-9743,3.0,7.8
binutils,2.28-5,CVE-2017-9742,3.0,7.8
binutils,2.28-5,CVE-2017-9043,3.0,7.8
binutils,2.28-5,CVE-2017-9042,3.0,7.8
binutils,2.28-5,CVE-2017-15938,3.0,7.5
binutils,2.28-5,CVE-2017-13710,3.0,7.5
binutils,2.28-5,CVE-2017-12967,3.0,6.5
binutils,2.28-5,CVE-2018-9996,3.0,5.5
binutils,2.28-5,CVE-2018-8945,3.0,5.5
binutils,2.28-5,CVE-2018-7642,3.0,5.5
binutils,2.28-5,CVE-2018-7570,3.0,5.5
binutils,2.28-5,CVE-2018-7569,3.0,5.5
binutils,2.28-5,CVE-2018-7568,3.0,5.5
binutils,2.28-5,CVE-2018-6872,3.0,5.5
binutils,2.28-5,CVE-2018-6759,3.0,5.5
binutils,2.28-5,CVE-2017-17123,3.0,5.5
binutils,2.28-5,CVE-2017-17080,3.0,5.5
binutils,2.28-5,CVE-2017-15225,3.0,5.5
binutils,2.28-5,CVE-2017-15025,3.0,5.5
binutils,2.28-5,CVE-2017-15024,3.0,5.5
binutils,2.28-5,CVE-2017-15023,3.0,5.5
binutils,2.28-5,CVE-2017-15022,3.0,5.5
binutils,2.28-5,CVE-2017-15021,3.0,5.5
binutils,2.28-5,CVE-2017-14974,3.0,5.5
binutils,2.28-5,CVE-2017-14940,3.0,5.5
binutils,2.28-5,CVE-2017-14939,3.0,5.5
binutils,2.28-5,CVE-2017-14938,3.0,5.5
binutils,2.28-5,CVE-2017-14934,3.0,5.5
binutils,2.28-5,CVE-2017-14933,3.0,5.5
binutils,2.28-5,CVE-2017-14932,3.0,5.5
binutils,2.28-5,CVE-2017-14930,3.0,5.5
binutils,2.28-5,CVE-2017-14529,3.0,5.5
binutils,2.28-5,CVE-2017-14130,3.0,5.5
binutils,2.28-5,CVE-2017-14129,3.0,5.5
binutils,2.28-5,CVE-2017-14128,3.0,5.5
binutils,2.28-5,CVE-2017-13757,3.0,5.5
binutils,2.28-5,CVE-2017-13716,3.0,5.5
binutils,2.28-5,CVE-2017-9955,3.0,5.5
binutils,2.28-5,CVE-2017-9954,3.0,5.5
binutils,2.28-5,CVE-2017-9044,3.0,5.5
binutils,2.28-5,CVE-2017-9041,3.0,5.5
binutils,2.28-5,CVE-2017-9040,3.0,5.5
binutils,2.28-5,CVE-2017-9039,3.0,5.5
binutils,2.28-5,CVE-2017-9038,3.0,5.5
bluez,5.45-1deepin,CVE-2017-1000250,3.0,6.5
busybox,1.22.0-19+b3,CVE-2016-2148,3.0,9.8
busybox,1.22.0-19+b3,CVE-2017-16544,3.0,8.8
busybox,1.22.0-19+b3,CVE-2018-20679,3.0,7.5
busybox,1.22.0-19+b3,CVE-2016-2147,3.0,7.5
busybox,1.22.0-19+b3,CVE-2016-6301,3.0,7.5
busybox,1.22.0-19+b3,CVE-2015-9261,3.0,5.5
bzip2,1.0.6,CVE-2016-3189,3.0,6.5
c-ares,1.2.5,CVE-2016-5180,3.0,9.8
cairo,1.14.10-1,CVE-2017-9814,3.0,7.5
cairo,1.14.8-1,CVE-2017-9814,3.0,7.5
coreutils,8.26-3,CVE-2017-18018,3.0,4.7
cron,3.0pl1-128+b1,CVE-2017-9525,3.0,6.7
cron,3.0pl1-128+deb9u1,CVE-2017-9525,3.0,6.7
cups,2.2.1-8+deb9u2,CVE-2017-18190,3.0,7.5
cups,2.2.1-8+deb9u2,CVE-2017-18248,3.0,5.3
cups,2.2.4-7deepin,CVE-2017-18248,3.0,5.3
curl,7.34.0,CVE-2018-16839,3.0,9.8
curl,7.34.0,CVE-2018-14618,3.0,9.8
curl,7.34.0,CVE-2016-8622,3.0,9.8
curl,7.34.0,CVE-2016-8620,3.0,9.8
curl,7.34.0,CVE-2016-8619,3.0,9.8
curl,7.34.0,CVE-2016-8618,3.0,9.8
curl,7.34.0,CVE-2018-1000120,3.0,9.8
curl,7.34.0,CVE-2016-9953,3.0,9.8
curl,7.34.0,CVE-2017-2628,3.0,9.8
curl,7.34.0,CVE-2018-1000007,3.0,9.8
curl,7.34.0,CVE-2017-8817,3.0,9.8
curl,7.34.0,CVE-2016-7167,3.0,9.8
curl,7.34.0,CVE-2016-5421,3.0,9.8
curl,7.34.0,CVE-2018-16842,3.0,9.1
curl,7.34.0,CVE-2018-1000301,3.0,9.1
curl,7.34.0,CVE-2018-1000122,3.0,9.1
curl,7.34.0,CVE-2017-1000257,3.0,9.1
curl,7.34.0,CVE-2016-9594,3.0,8.1
curl,7.34.0,CVE-2016-9586,3.0,8.1
curl,7.34.0,CVE-2016-9952,3.0,8.1
curl,7.34.0,CVE-2016-4802,3.0,7.8
curl,7.34.0,CVE-2016-8625,3.0,7.5
curl,7.34.0,CVE-2016-8624,3.0,7.5
curl,7.34.0,CVE-2016-8623,3.0,7.5
curl,7.34.0,CVE-2016-8621,3.0,7.5
curl,7.34.0,CVE-2016-8615,3.0,7.5
curl,7.34.0,CVE-2018-1000121,3.0,7.5
curl,7.34.0,CVE-2017-1000254,3.0,7.5
curl,7.34.0,CVE-2016-7141,3.0,7.5
curl,7.34.0,CVE-2016-5420,3.0,7.5
curl,7.34.0,CVE-2016-5419,3.0,7.5
curl,7.34.0,CVE-2015-3145,2.0,7.5
curl,7.34.0,CVE-2016-0755,3.0,7.3
curl,7.34.0,CVE-2016-8617,3.0,7.0
curl,7.34.0,CVE-2017-2629,3.0,6.5
curl,7.34.0,CVE-2017-1000100,3.0,6.5
curl,7.34.0,CVE-2014-0138,2.0,6.4
curl,7.34.0,CVE-2016-8616,3.0,5.9
curl,7.34.0,CVE-2014-8151,2.0,5.8
curl,7.34.0,CVE-2014-0139,2.0,5.8
curl,7.34.0,CVE-2017-9502,3.0,5.3
curl,7.34.0,CVE-2016-3739,3.0,5.3
curl,7.34.0,CVE-2016-0754,3.0,5.3
curl,7.34.0,CVE-2015-3153,2.0,5.0
curl,7.34.0,CVE-2015-3148,2.0,5.0
curl,7.34.0,CVE-2015-3143,2.0,5.0
curl,7.34.0,CVE-2014-3620,2.0,5.0
curl,7.34.0,CVE-2014-3613,2.0,5.0
curl,7.34.0,CVE-2014-8150,2.0,4.3
curl,7.34.0,CVE-2014-3707,2.0,4.3
curl,7.34.0,CVE-2014-2522,2.0,4.0
curl,7.34.0,CVE-2014-0015,2.0,4.0
curl,7.34.0,CVE-2017-7407,3.0,2.4
curl,7.52.1-5,CVE-2018-16839,3.0,9.8
curl,7.52.1-5,CVE-2018-14618,3.0,9.8
curl,7.52.1-5,CVE-2018-1000120,3.0,9.8
curl,7.52.1-5,CVE-2018-1000007,3.0,9.8
curl,7.52.1-5,CVE-2017-8817,3.0,9.8
curl,7.52.1-5,CVE-2017-8816,3.0,9.8
curl,7.52.1-5,CVE-2018-16842,3.0,9.1
curl,7.52.1-5,CVE-2018-1000301,3.0,9.1
curl,7.52.1-5,CVE-2018-1000122,3.0,9.1
curl,7.52.1-5,CVE-2018-1000005,3.0,9.1
curl,7.52.1-5,CVE-2017-1000257,3.0,9.1
curl,7.52.1-5,CVE-2018-1000121,3.0,7.5
curl,7.52.1-5,CVE-2017-1000254,3.0,7.5
curl,7.52.1-5,CVE-2017-1000100,3.0,6.5
cyrus-sasl,2.1.23,CVE-2013-4122,2.0,4.3
dnsmasq,2.76-5+deb9u2,CVE-2017-15107,3.0,7.5
e2fsprogs,1.39,CVE-2007-5497,2.0,5.8
e2fsprogs,1.39,CVE-2015-1572,2.0,4.6
e2fsprogs,1.39,CVE-2015-0247,2.0,4.6
electron,1.8.1,CVE-2018-1000118,3.0,8.8
electron,1.8.1,CVE-2018-1000136,3.0,8.1
elfutils,0.168-1,CVE-2018-16062,3.0,5.5
evince,3.22.1-3+deb9u1,CVE-2017-1000159,3.0,7.8
expat,2.0.1,CVE-2016-0718,3.0,9.8
expat,2.0.1,CVE-2016-4472,3.0,8.1
expat,2.0.1,CVE-2016-5300,3.0,7.5
expat,2.0.1,CVE-2015-1283,2.0,6.8
expat,2.0.1,CVE-2013-0340,2.0,6.8
expat,2.0.1,CVE-2012-6702,3.0,5.9
expat,2.0.1,CVE-2012-1148,2.0,5.0
expat,2.0.1,CVE-2009-3560,2.0,5.0
expat,2.0.1,CVE-2009-3720,2.0,5.0
expat,2.0.1,CVE-2012-1147,2.0,4.3
expat,2.0.1,CVE-2012-0876,2.0,4.3
ffmpeg,3.2.12-1~deb9u1,CVE-2018-1999011,3.0,8.8
flac,1.3.2-1,CVE-2017-6888,3.0,5.5
flash_player,27.0.0.183,CVE-2018-5002,3.0,9.8
flash_player,27.0.0.183,CVE-2018-4944,3.0,9.8
flash_player,27.0.0.183,CVE-2018-4937,3.0,9.8
flash_player,27.0.0.183,CVE-2018-4935,3.0,9.8
flash_player,27.0.0.183,CVE-2018-4878,3.0,9.8
flash_player,27.0.0.183,CVE-2018-4877,3.0,9.8
flash_player,27.0.0.183,CVE-2017-3114,3.0,9.8
flash_player,27.0.0.183,CVE-2017-3112,3.0,9.8
flash_player,27.0.0.183,CVE-2017-11225,3.0,9.8
flash_player,27.0.0.183,CVE-2017-11215,3.0,9.8
flash_player,27.0.0.183,CVE-2017-11213,3.0,9.8
flash_player,27.0.0.183,CVE-2018-5007,3.0,8.8
flash_player,27.0.0.183,CVE-2018-4945,3.0,8.8
flash_player,27.0.0.183,CVE-2018-4932,3.0,8.8
flash_player,27.0.0.183,CVE-2018-5008,3.0,7.5
flash_player,27.0.0.183,CVE-2018-4936,3.0,7.5
flash_player,27.0.0.183,CVE-2018-4934,3.0,7.5
flash_player,27.0.0.183,CVE-2018-4871,3.0,7.5
flash_player,27.0.0.183,CVE-2017-11305,3.0,7.5
flash_player,27.0.0.183,CVE-2018-5001,3.0,6.5
flash_player,27.0.0.183,CVE-2018-5000,3.0,6.5
flash_player,27.0.0.183,CVE-2018-4933,3.0,6.5
flash_player,29.0.0.171,CVE-2018-5002,3.0,9.8
flash_player,29.0.0.171,CVE-2018-5007,3.0,8.8
flash_player,29.0.0.171,CVE-2018-4945,3.0,8.8
flash_player,29.0.0.171,CVE-2018-5008,3.0,7.5
flash_player,29.0.0.171,CVE-2018-5001,3.0,6.5
flash_player,29.0.0.171,CVE-2018-5000,3.0,6.5
fuse,2.9.7-1,CVE-2018-10906,3.0,7.8
gc,7.4.2-8,CVE-2016-9427,3.0,9.8
gdkpixbuf,2.24.0,CVE-2017-1000422,3.0,8.8
gdkpixbuf,2.24.0,CVE-2015-8875,3.0,7.8
gdkpixbuf,2.24.0,CVE-2016-6352,3.0,7.5
gdkpixbuf,2.24.0,CVE-2015-7674,2.0,6.8
gdkpixbuf,2.24.0,CVE-2015-7673,2.0,6.8
gdkpixbuf,2.24.0,CVE-2015-4491,2.0,6.8
gdkpixbuf,2.24.0,CVE-2012-2370,2.0,5.0
gdkpixbuf,2.36.5-2,CVE-2017-1000422,3.0,8.8
gdlib,2.2.4-2,CVE-2017-6362,3.0,7.5
gedit,3.22.0-1+deepin2,CVE-2017-14108,3.0,5.5
glibc,2.24-11+deb9u3,CVE-2018-6485,3.0,9.8
glibc,2.24-11+deb9u3,CVE-2017-15804,3.0,9.8
glibc,2.24-11+deb9u3,CVE-2017-15670,3.0,9.8
glibc,2.24-11+deb9u3,CVE-2018-11236,3.0,8.1
glibc,2.24-11+deb9u3,CVE-2018-11237,3.0,7.8
glibc,2.24-11+deb9u3,CVE-2018-1000001,3.0,7.8
glibc,2.24-11+deb9u3,CVE-2017-15671,3.0,5.9
glibc,2.24-11+deb9u3,CVE-2017-12132,3.0,5.9
glibc,2.24-11+deb9u3,CVE-2016-10228,3.0,5.9
glibc,2.24-12,CVE-2017-18269,3.0,9.8
glibc,2.24-12,CVE-2018-6551,3.0,9.8
glibc,2.24-12,CVE-2018-6485,3.0,9.8
glibc,2.24-12,CVE-2017-15804,3.0,9.8
glibc,2.24-12,CVE-2017-15670,3.0,9.8
glibc,2.24-12,CVE-2018-11236,3.0,8.1
glibc,2.24-12,CVE-2018-11237,3.0,7.8
glibc,2.24-12,CVE-2018-1000001,3.0,7.8
glibc,2.24-12,CVE-2017-15671,3.0,5.9
glibc,2.24-12,CVE-2017-12133,3.0,5.9
glibc,2.24-12,CVE-2017-12132,3.0,5.9
glibc,2.24-12,CVE-2016-10228,3.0,5.9
gparted,0.25.0-2deepin,CVE-2014-7208,2.0,7.2
grub2,2.02,CVE-2015-8370,2.0,6.9
gtk+,2.24.31-2deepin,CVE-2014-1949,2.0,7.2
gtk+,2.24.31-34deepin,CVE-2014-1949,2.0,7.2
imagemagick,6.9.7.4+dfsg-11+deb9u6,CVE-2017-13146,3.0,8.8
imagemagick,6.9.7.4+dfsg-11+deb9u6,CVE-2017-13658,3.0,6.5
imagemagick,6.9.7.4+dfsg-11+deb9u6,CVE-2017-12427,3.0,6.5
imagemagick,6.9.7.4+dfsg-11+deb9u6+deepin1,CVE-2017-17499,3.0,9.8
imagemagick,6.9.7.4+dfsg-11+deb9u6+deepin1,CVE-2017-13139,3.0,9.8
imagemagick,6.9.7.4+dfsg-11+deb9u6+deepin1,CVE-2017-13146,3.0,8.8
imagemagick,6.9.7.4+dfsg-11+deb9u6+deepin1,CVE-2016-7539,3.0,7.5
imagemagick,6.9.7.4+dfsg-11+deb9u6+deepin1,CVE-2017-13658,3.0,6.5
imagemagick,6.9.7.4+dfsg-11+deb9u6+deepin1,CVE-2017-13145,3.0,6.5
imagemagick,6.9.7.4+dfsg-11+deb9u6+deepin1,CVE-2017-13142,3.0,6.5
imagemagick,6.9.7.4+dfsg-11+deb9u6+deepin1,CVE-2017-13141,3.0,6.5
imagemagick,6.9.7.4+dfsg-11+deb9u6+deepin1,CVE-2017-13140,3.0,6.5
imagemagick,6.9.7.4+dfsg-11+deb9u6+deepin1,CVE-2017-12427,3.0,6.5
imagemagick,6.9.7.4+dfsg-11+deb9u6+deepin1,CVE-2017-11530,3.0,6.5
imagemagick,6.9.7.4+dfsg-11+deb9u6+deepin1,CVE-2017-11529,3.0,6.5
imagemagick,6.9.7.4+dfsg-11+deb9u6+deepin1,CVE-2017-11528,3.0,6.5
imagemagick,6.9.7.4+dfsg-11+deb9u6+deepin1,CVE-2017-11527,3.0,6.5
imagemagick,6.9.7.4+dfsg-11+deb9u6+deepin1,CVE-2017-11526,3.0,6.5
imagemagick,6.9.7.4+dfsg-11+deb9u6+deepin1,CVE-2017-11525,3.0,6.5
imagemagick,6.9.7.4+dfsg-11+deb9u6+deepin1,CVE-2017-11524,3.0,6.5
imagemagick,6.9.7.4+dfsg-11+deb9u6+deepin1,CVE-2017-11523,3.0,6.5
imagemagick,6.9.7.4+dfsg-11+deb9u6+deepin1,CVE-2017-11522,3.0,6.5
imagemagick,6.9.7.4+dfsg-11+deb9u6+deepin1,CVE-2017-11505,3.0,6.5
imagemagick,6.9.7.4+dfsg-11+deb9u6+deepin1,CVE-2017-11478,3.0,6.5
iptables,1.4.21-2+b1,CVE-2012-2663,2.0,7.5
jbig2dec,0.13-4.1,CVE-2017-9216,3.0,6.5
kerberos,1.15-1+deb9u1,CVE-2017-15088,3.0,9.8
kerberos,1.15-1+deb9u1,CVE-2018-5709,3.0,7.5
kerberos,1.15-1+deb9u1,CVE-2000-0548,2.0,5.0
kerberos,1.15-1+deb9u1,CVE-2000-0547,2.0,5.0
kerberos,1.15-1+deb9u1,CVE-2000-0546,2.0,5.0
kerberos,1.15.1-2,CVE-2017-15088,3.0,9.8
kerberos,1.15.1-2,CVE-2018-5709,3.0,7.5
kerberos,1.15.1-2,CVE-2017-7562,3.0,6.5
kerberos,1.15.1-2,CVE-2018-5710,3.0,6.5
kerberos,1.15.1-2,CVE-2000-0548,2.0,5.0
kerberos,1.15.1-2,CVE-2000-0547,2.0,5.0
kerberos,1.15.1-2,CVE-2000-0546,2.0,5.0
lame,3.99.5+repack1-9+b2,CVE-2017-15019,3.0,7.8
lame,3.99.5+repack1-9+b2,CVE-2017-9872,3.0,7.8
lame,3.99.5+repack1-9+b2,CVE-2017-9871,3.0,7.8
lame,3.99.5+repack1-9+b2,CVE-2017-13712,3.0,7.5
lame,3.99.5+repack1-9+b2,CVE-2017-9870,3.0,5.5
lame,3.99.5+repack1-9+b2,CVE-2017-9869,3.0,5.5
lhasa,0.3.1-2+b1,CVE-2010-2369,2.0,6.9
libarchive,3.2.2-2,CVE-2017-14502,3.0,7.5
libarchive,3.2.2-2,CVE-2017-14503,3.0,6.5
libarchive,3.2.2-2,CVE-2017-14501,3.0,6.5
libarchive,3.2.2-2,CVE-2017-14166,3.0,6.5
libarchive,3.2.2-2,CVE-2016-10350,3.0,5.5
libarchive,3.2.2-2,CVE-2016-10349,3.0,5.5
libarchive,3.2.2-2,CVE-2016-10209,3.0,5.5
libcdio,0.83-4.3+b1,CVE-2017-18198,3.0,8.8
libcdio,0.83-4.3+b1,CVE-2017-18199,3.0,6.5
libexif,0.6.21-2+b2,CVE-2017-7544,3.0,9.1
libflac,1.2.1,CVE-2014-9028,2.0,7.5
libflac,1.2.1,CVE-2014-8962,2.0,7.5
libflac,1.2.1,CVE-2017-6888,3.0,5.5
libflac,1.3.1,CVE-2017-6888,3.0,5.5
libflac,1.3.2-1,CVE-2017-6888,3.0,5.5
libgcrypt,1.7.6-2+deb9u3,CVE-2018-6829,3.0,7.5
libgcrypt,1.7.6-2+deb9u3,CVE-2017-0379,3.0,7.5
libgcrypt,1.7.6-2+deb9u3,CVE-2017-7526,3.0,6.8
libgcrypt,1.7.6-2+deb9u3,CVE-2018-0495,3.0,4.7
libgcrypt,1.7.8-2,CVE-2018-6829,3.0,7.5
libgcrypt,1.7.8-2,CVE-2017-0379,3.0,7.5
libgcrypt,1.7.8-2,CVE-2018-0495,3.0,4.7
libgxps,0.2.4-1+b1,CVE-2018-10767,3.0,7.5
libgxps,0.2.4-1+b1,CVE-2018-10733,3.0,6.5
libicu,57.1-6,CVE-2017-17484,3.0,9.8
libicu,57.1-6,CVE-2017-14952,3.0,9.8
libicu,57.1-6,CVE-2017-15422,3.0,6.5
libicu,57.1-6,CVE-2017-15396,3.0,6.5
libicu,57.1-6+deb9u2,CVE-2017-15396,3.0,6.5
libicu,58,CVE-2017-17484,3.0,9.8
libicu,58,CVE-2017-14952,3.0,9.8
libicu,58,CVE-2017-7868,3.0,7.5
libicu,58,CVE-2017-7867,3.0,7.5
libidn2,2.0.2-1,CVE-2017-14062,3.0,9.8
libidn2,2.0.2-1,CVE-2017-14061,3.0,9.8
libjpeg-turbo,1.5.1-2,CVE-2017-9614,3.0,8.8
libmad,0.15.1b-8+deb9u1,CVE-2018-7263,3.0,9.8
libmspack,0.5-1+deb9u3,CVE-2018-18586,3.0,5.3
libopenmpt,0.2.7386~beta20.3-3+deb9u3,CVE-2018-6611,3.0,8.8
libopenmpt,0.2.7386~beta20.3-3+deb9u3,CVE-2017-11311,3.0,7.8
libopenmpt,0.2.7386~beta20.3-3+deb9u3,CVE-2018-10017,3.0,6.5
libpng,1.2.44,CVE-2015-8540,3.0,8.8
libpng,1.2.44,CVE-2016-10087,3.0,7.5
libpng,1.2.44,CVE-2011-3026,2.0,7.5
libpng,1.2.44,CVE-2015-8472,3.0,7.3
libpng,1.2.44,CVE-2011-3048,2.0,6.8
libpng,1.2.44,CVE-2011-2690,2.0,6.8
libpng,1.2.44,CVE-2015-7981,2.0,5.0
libpng,1.2.44,CVE-2011-2691,2.0,5.0
libpng,1.2.44,CVE-2012-3425,2.0,4.3
libpng,1.2.44,CVE-2011-2692,2.0,4.3
libpng,1.2.44,CVE-2011-2501,2.0,4.3
libpng,1.4.17,CVE-2015-8540,3.0,8.8
libpng,1.4.17,CVE-2016-10087,3.0,7.5
libpng,1.4.17,CVE-2015-8472,3.0,7.3
libpng,1.6.20,CVE-2016-10087,3.0,7.5
libpng,1.6.22,CVE-2016-10087,3.0,7.5
libpng,1.6.26,CVE-2016-10087,3.0,7.5
libraw,0.17.2-6+deb9u1,CVE-2017-14608,3.0,9.1
librsvg,2.40.18-1,CVE-2018-1000041,3.0,8.8
libsamplerate,0.1.8-8+b2,CVE-2017-7697,3.0,5.5
libsndfile,1.0.27-3,CVE-2017-12562,3.0,9.8
libsndfile,1.0.27-3,CVE-2018-13139,3.0,8.8
libsndfile,1.0.27-3,CVE-2017-6892,3.0,8.8
libsndfile,1.0.27-3,CVE-2017-14246,3.0,8.1
libsndfile,1.0.27-3,CVE-2017-14245,3.0,8.1
libsndfile,1.0.27-3,CVE-2018-13419,3.0,7.5
libsndfile,1.0.27-3,CVE-2017-17457,3.0,6.5
libsndfile,1.0.27-3,CVE-2017-17456,3.0,6.5
libsndfile,1.0.27-3,CVE-2017-14634,3.0,6.5
libsndfile,1.0.28-3,CVE-2017-12562,3.0,9.8
libsndfile,1.0.28-3,CVE-2018-13139,3.0,8.8
libsndfile,1.0.28-3,CVE-2017-14246,3.0,8.1
libsndfile,1.0.28-3,CVE-2017-14245,3.0,8.1
libsndfile,1.0.28-3,CVE-2018-13419,3.0,7.5
libsndfile,1.0.28-3,CVE-2018-19662,3.0,6.5
libsndfile,1.0.28-3,CVE-2018-19661,3.0,6.5
libsndfile,1.0.28-3,CVE-2018-19432,3.0,6.5
libsndfile,1.0.28-3,CVE-2017-17457,3.0,6.5
libsndfile,1.0.28-3,CVE-2017-17456,3.0,6.5
libsndfile,1.0.28-3,CVE-2017-14634,3.0,6.5
libsndfile,1.0.28-3,CVE-2018-19758,3.0,5.5
libsoup,2.56.0,CVE-2018-11713,3.0,6.5
libsoup,2.56.0-2,CVE-2018-11713,3.0,6.5
libtasn1,4.12-2.1,CVE-2018-6003,3.0,7.5
libtasn1,4.12-2.1,CVE-2018-1000654,3.0,5.5
libtiff,4.0.7,CVE-2017-9117,3.0,9.8
libtiff,4.0.7,CVE-2017-5225,3.0,9.8
libtiff,4.0.7,CVE-2017-5563,3.0,8.8
libtiff,4.0.7,CVE-2017-7602,3.0,7.8
libtiff,4.0.7,CVE-2017-7601,3.0,7.8
libtiff,4.0.7,CVE-2017-7600,3.0,7.8
libtiff,4.0.7,CVE-2017-7599,3.0,7.8
libtiff,4.0.7,CVE-2017-7598,3.0,7.8
libtiff,4.0.7,CVE-2017-7597,3.0,7.8
libtiff,4.0.7,CVE-2017-7596,3.0,7.8
libtiff,4.0.7,CVE-2017-7592,3.0,7.8
libtiff,4.0.7,CVE-2016-10272,3.0,7.8
libtiff,4.0.7,CVE-2016-10271,3.0,7.8
libtiff,4.0.7,CVE-2016-10270,3.0,7.8
libtiff,4.0.7,CVE-2016-10269,3.0,7.8
libtiff,4.0.7,CVE-2016-10268,3.0,7.8
libtiff,4.0.7,CVE-2016-10094,3.0,7.8
libtiff,4.0.7,CVE-2016-10093,3.0,7.8
libtiff,4.0.7,CVE-2016-10092,3.0,7.8
libtiff,4.0.7,CVE-2018-10963,3.0,6.5
libtiff,4.0.7,CVE-2017-9815,3.0,6.5
libtiff,4.0.7,CVE-2017-9404,3.0,6.5
libtiff,4.0.7,CVE-2017-9403,3.0,6.5
libtiff,4.0.7,CVE-2017-9147,3.0,6.5
libtiff,4.0.7,CVE-2017-7595,3.0,5.5
libtiff,4.0.7,CVE-2017-7594,3.0,5.5
libtiff,4.0.7,CVE-2017-7593,3.0,5.5
libtiff,4.0.7,CVE-2016-10267,3.0,5.5
libtiff,4.0.7,CVE-2016-10266,3.0,5.5
libtiff,4.0.7,CVE-2016-10095,3.0,5.5
libtiff,4.0.8-2+deb9u4,CVE-2017-9937,3.0,6.5
libtiff,4.0.8-4,CVE-2017-17973,3.0,8.8
libtiff,4.0.8-4,CVE-2017-9935,3.0,8.8
libtiff,4.0.8-4,CVE-2017-12944,3.0,7.5
libtiff,4.0.8-4,CVE-2018-10963,3.0,6.5
libtiff,4.0.8-4,CVE-2017-13727,3.0,6.5
libtiff,4.0.8-4,CVE-2017-13726,3.0,6.5
libtiff,4.0.8-4,CVE-2017-11613,3.0,6.5
libtiff,4.0.8-4,CVE-2017-9937,3.0,6.5
libvorbis,1.3.5-4,CVE-2017-14160,3.0,8.8
libvorbis,1.3.5-4,CVE-2017-14633,3.0,6.5
libvorbis,1.3.5-4,CVE-2017-11333,3.0,5.5
libvorbis,1.3.5-4+deb9u2,CVE-2017-14160,3.0,8.8
libvorbis,1.3.5-4+deb9u2,CVE-2017-11333,3.0,5.5
libvorbis,1.3.6,CVE-2018-10392,3.0,8.8
libvorbis,1.3.6,CVE-2018-10393,3.0,7.5
libvpx,0.9.6-94-g82315be,CVE-2012-0823,2.0,5.0
libvpx,0.9.7,CVE-2012-0823,2.0,5.0
libx11,1.6.4-3,CVE-2018-14600,3.0,9.8
libx11,1.6.4-3,CVE-2018-14599,3.0,9.8
libx11,1.6.4-3,CVE-2018-14598,3.0,7.5
libxcursor,1.1.14-1+b4,CVE-2015-9262,3.0,9.8
libxcursor,1.1.14-1+b4,CVE-2017-16612,3.0,7.5
libxfont,1.5.2-4,CVE-2017-13722,3.0,7.1
libxfont,1.5.2-4,CVE-2017-13720,3.0,7.1
libxfont,1.5.2-4,CVE-2017-16611,3.0,5.5
libxfont,2.0.1-3,CVE-2017-13722,3.0,7.1
libxfont,2.0.1-3,CVE-2017-13720,3.0,7.1
libxkbcommon,0.7.1-1,CVE-2018-15864,3.0,5.5
libxkbcommon,0.7.1-1,CVE-2018-15863,3.0,5.5
libxkbcommon,0.7.1-1,CVE-2018-15862,3.0,5.5
libxkbcommon,0.7.1-1,CVE-2018-15861,3.0,5.5
libxkbcommon,0.7.1-1,CVE-2018-15859,3.0,5.5
libxkbcommon,0.7.1-1,CVE-2018-15858,3.0,5.5
libxkbcommon,0.7.1-2~deb9u1,CVE-2018-15864,3.0,5.5
libxkbcommon,0.7.1-2~deb9u1,CVE-2018-15863,3.0,5.5
libxkbcommon,0.7.1-2~deb9u1,CVE-2018-15862,3.0,5.5
libxkbcommon,0.7.1-2~deb9u1,CVE-2018-15861,3.0,5.5
libxkbcommon,0.7.1-2~deb9u1,CVE-2018-15859,3.0,5.5
libxkbcommon,0.7.1-2~deb9u1,CVE-2018-15858,3.0,5.5
libxml2,2.9.4+dfsg1-2.2+deb9u2,CVE-2017-8872,3.0,9.1
libxml2,2.9.4+dfsg1-2.2+deb9u2,CVE-2017-5130,3.0,8.8
libxml2,2.9.4+dfsg1-2.2+deb9u2,CVE-2016-9318,3.0,7.8
libxml2,2.9.4+dfsg1-2.2+deb9u2,CVE-2018-14404,3.0,7.5
libxml2,2.9.4+dfsg1-2.2+deb9u2,CVE-2017-16932,3.0,7.5
libxml2,2.9.4+dfsg1-2.2+deb9u2,CVE-2017-18258,3.0,6.5
libxml2,2.9.4+dfsg1-2.2+deb9u2,CVE-2017-5969,3.0,4.7
libxml2,2.9.4+dfsg1-3,CVE-2017-7375,3.0,9.8
libxml2,2.9.4+dfsg1-3,CVE-2017-16931,3.0,9.8
libxml2,2.9.4+dfsg1-3,CVE-2017-8872,3.0,9.1
libxml2,2.9.4+dfsg1-3,CVE-2017-15412,3.0,8.8
libxml2,2.9.4+dfsg1-3,CVE-2017-5130,3.0,8.8
libxml2,2.9.4+dfsg1-3,CVE-2016-9318,3.0,7.8
libxml2,2.9.4+dfsg1-3,CVE-2018-14404,3.0,7.5
libxml2,2.9.4+dfsg1-3,CVE-2017-16932,3.0,7.5
libxml2,2.9.4+dfsg1-3,CVE-2017-9050,3.0,7.5
libxml2,2.9.4+dfsg1-3,CVE-2017-9049,3.0,7.5
libxml2,2.9.4+dfsg1-3,CVE-2017-9048,3.0,7.5
libxml2,2.9.4+dfsg1-3,CVE-2017-9047,3.0,7.5
libxml2,2.9.4+dfsg1-3,CVE-2017-18258,3.0,6.5
libxml2,2.9.4+dfsg1-3,CVE-2017-5969,3.0,4.7
libxslt,1.1.29-2.1,CVE-2015-9019,3.0,5.3
lightdm,1.21.5-2deepin,CVE-2017-7358,3.0,7.3
lightdm,1.21.5-2deepin,CVE-2017-8900,3.0,4.6
lightdm,1.21.6-1,CVE-2017-7358,3.0,7.3
lightdm,1.21.6-1,CVE-2017-8900,3.0,4.6
linux,3.10.87,CVE-2015-1421,2.0,10.0
linux,3.10.87,CVE-2014-2523,2.0,10.0
linux,3.10.87,CVE-2018-12714,3.0,9.8
linux,3.10.87,CVE-2017-18174,3.0,9.8
linux,3.10.87,CVE-2018-5703,3.0,9.8
linux,3.10.87,CVE-2017-13715,3.0,9.8
linux,3.10.87,CVE-2017-7895,3.0,9.8
linux,3.10.87,CVE-2016-10229,3.0,9.8
linux,3.10.87,CVE-2016-10150,3.0,9.8
linux,3.10.87,CVE-2016-9555,3.0,9.8
linux,3.10.87,CVE-2016-7117,3.0,9.8
linux,3.10.87,CVE-2016-5343,3.0,9.8
linux,3.10.87,CVE-2015-0572,3.0,9.8
linux,3.10.87,CVE-2016-5344,3.0,9.8
linux,3.10.87,CVE-2016-2065,3.0,9.8
linux,3.10.87,CVE-2016-2063,3.0,9.8
linux,3.10.87,CVE-2015-0573,3.0,9.8
linux,3.10.87,CVE-2014-9410,3.0,9.8
linux,3.10.87,CVE-2016-3955,3.0,9.8
linux,3.10.87,CVE-2015-8812,3.0,9.8
linux,3.10.87,CVE-2015-8787,3.0,9.8
linux,3.10.87,CVE-2015-3331,2.0,9.3
linux,3.10.87,CVE-2015-4002,2.0,9.0
linux,3.10.87,CVE-2015-4001,2.0,9.0
linux,3.10.87,CVE-2017-1000251,3.0,8.8
linux,3.10.87,CVE-2015-4004,2.0,8.5
linux,3.10.87,CVE-2017-2583,3.0,8.4
linux,3.10.87,CVE-2016-5340,3.0,8.4
linux,3.10.87,CVE-2016-2064,3.0,8.4
linux,3.10.87,CVE-2015-0568,3.0,8.4
linux,3.10.87,CVE-2016-3134,3.0,8.4
linux,3.10.87,CVE-2018-14634,3.0,7.8
linux,3.10.87,CVE-2018-6555,3.0,7.8
linux,3.10.87,CVE-2018-16276,3.0,7.8
linux,3.10.87,CVE-2018-14619,3.0,7.8
linux,3.10.87,CVE-2018-14734,3.0,7.8
linux,3.10.87,CVE-2017-7518,3.0,7.8
linux,3.10.87,CVE-2017-7482,3.0,7.8
linux,3.10.87,CVE-2018-14678,3.0,7.8
linux,3.10.87,CVE-2018-10879,3.0,7.8
linux,3.10.87,CVE-2018-10878,3.0,7.8
linux,3.10.87,CVE-2018-13406,3.0,7.8
linux,3.10.87,CVE-2018-13405,3.0,7.8
linux,3.10.87,CVE-2018-12233,3.0,7.8
linux,3.10.87,CVE-2018-11506,3.0,7.8
linux,3.10.87,CVE-2018-10675,3.0,7.8
linux,3.10.87,CVE-2018-8781,3.0,7.8
linux,3.10.87,CVE-2017-18255,3.0,7.8
linux,3.10.87,CVE-2018-8822,3.0,7.8
linux,3.10.87,CVE-2017-18222,3.0,7.8
linux,3.10.87,CVE-2017-18218,3.0,7.8
linux,3.10.87,CVE-2018-7480,3.0,7.8
linux,3.10.87,CVE-2018-6927,3.0,7.8
linux,3.10.87,CVE-2017-18079,3.0,7.8
linux,3.10.87,CVE-2017-18075,3.0,7.8
linux,3.10.87,CVE-2018-5344,3.0,7.8
linux,3.10.87,CVE-2018-5332,3.0,7.8
linux,3.10.87,CVE-2017-16995,3.0,7.8
linux,3.10.87,CVE-2017-17806,3.0,7.8
linux,3.10.87,CVE-2017-17805,3.0,7.8
linux,3.10.87,CVE-2017-17450,3.0,7.8
linux,3.10.87,CVE-2017-17448,3.0,7.8
linux,3.10.87,CVE-2017-15868,3.0,7.8
linux,3.10.87,CVE-2017-8824,3.0,7.8
linux,3.10.87,CVE-2017-17052,3.0,7.8
linux,3.10.87,CVE-2017-16939,3.0,7.8
linux,3.10.87,CVE-2017-15115,3.0,7.8
linux,3.10.87,CVE-2017-16526,3.0,7.8
linux,3.10.87,CVE-2017-15951,3.0,7.8
linux,3.10.87,CVE-2017-15649,3.0,7.8
linux,3.10.87,CVE-2017-12188,3.0,7.8
linux,3.10.87,CVE-2017-1000111,3.0,7.8
linux,3.10.87,CVE-2017-14497,3.0,7.8
linux,3.10.87,CVE-2017-10663,3.0,7.8
linux,3.10.87,CVE-2017-10662,3.0,7.8
linux,3.10.87,CVE-2017-7541,3.0,7.8
linux,3.10.87,CVE-2017-11473,3.0,7.8
linux,3.10.87,CVE-2017-1000363,3.0,7.8
linux,3.10.87,CVE-2017-11176,3.0,7.8
linux,3.10.87,CVE-2017-9986,3.0,7.8
linux,3.10.87,CVE-2017-9985,3.0,7.8
linux,3.10.87,CVE-2017-9984,3.0,7.8
linux,3.10.87,CVE-2017-1000370,3.0,7.8
linux,3.10.87,CVE-2017-1000365,3.0,7.8
linux,3.10.87,CVE-2017-9077,3.0,7.8
linux,3.10.87,CVE-2017-9076,3.0,7.8
linux,3.10.87,CVE-2017-9075,3.0,7.8
linux,3.10.87,CVE-2017-9074,3.0,7.8
linux,3.10.87,CVE-2017-7487,3.0,7.8
linux,3.10.87,CVE-2017-8890,3.0,7.8
linux,3.10.87,CVE-2017-8831,3.0,7.8
linux,3.10.87,CVE-2015-9004,3.0,7.8
linux,3.10.87,CVE-2017-7889,3.0,7.8
linux,3.10.87,CVE-2016-5870,3.0,7.8
linux,3.10.87,CVE-2014-9922,3.0,7.8
linux,3.10.87,CVE-2017-7374,3.0,7.8
linux,3.10.87,CVE-2017-2647,3.0,7.8
linux,3.10.87,CVE-2017-7308,3.0,7.8
linux,3.10.87,CVE-2017-7294,3.0,7.8
linux,3.10.87,CVE-2017-7187,3.0,7.8
linux,3.10.87,CVE-2017-2636,3.0,7.8
linux,3.10.87,CVE-2017-6347,3.0,7.8
linux,3.10.87,CVE-2017-6345,3.0,7.8
linux,3.10.87,CVE-2017-5669,3.0,7.8
linux,3.10.87,CVE-2016-8636,3.0,7.8
linux,3.10.87,CVE-2017-6074,3.0,7.8
linux,3.10.87,CVE-2016-10044,3.0,7.8
linux,3.10.87,CVE-2014-9914,3.0,7.8
linux,3.10.87,CVE-2017-5576,3.0,7.8
linux,3.10.87,CVE-2016-9754,3.0,7.8
linux,3.10.87,CVE-2016-9806,3.0,7.8
linux,3.10.87,CVE-2016-9794,3.0,7.8
linux,3.10.87,CVE-2016-9793,3.0,7.8
linux,3.10.87,CVE-2016-9777,3.0,7.8
linux,3.10.87,CVE-2016-9755,3.0,7.8
linux,3.10.87,CVE-2016-9576,3.0,7.8
linux,3.10.87,CVE-2016-9120,3.0,7.8
linux,3.10.87,CVE-2015-8967,3.0,7.8
linux,3.10.87,CVE-2015-8966,3.0,7.8
linux,3.10.87,CVE-2016-8655,3.0,7.8
linux,3.10.87,CVE-2016-9313,3.0,7.8
linux,3.10.87,CVE-2016-9084,3.0,7.8
linux,3.10.87,CVE-2016-9083,3.0,7.8
linux,3.10.87,CVE-2016-8632,3.0,7.8
linux,3.10.87,CVE-2015-1328,3.0,7.8
linux,3.10.87,CVE-2016-7913,3.0,7.8
linux,3.10.87,CVE-2016-7912,3.0,7.8
linux,3.10.87,CVE-2016-7911,3.0,7.8
linux,3.10.87,CVE-2016-7910,3.0,7.8
linux,3.10.87,CVE-2015-8961,3.0,7.8
linux,3.10.87,CVE-2016-5195,3.0,7.8
linux,3.10.87,CVE-2016-7425,3.0,7.8
linux,3.10.87,CVE-2015-3288,3.0,7.8
linux,3.10.87,CVE-2016-5342,3.0,7.8
linux,3.10.87,CVE-2016-6187,3.0,7.8
linux,3.10.87,CVE-2016-3070,3.0,7.8
linux,3.10.87,CVE-2014-9870,3.0,7.8
linux,3.10.87,CVE-2016-2068,3.0,7.8
linux,3.10.87,CVE-2016-2067,3.0,7.8
linux,3.10.87,CVE-2014-9803,3.0,7.8
linux,3.10.87,CVE-2016-4997,3.0,7.8
linux,3.10.87,CVE-2016-5829,3.0,7.8
linux,3.10.87,CVE-2016-5828,3.0,7.8
linux,3.10.87,CVE-2016-4440,3.0,7.8
linux,3.10.87,CVE-2016-1583,3.0,7.8
linux,3.10.87,CVE-2016-0758,3.0,7.8
linux,3.10.87,CVE-2014-9904,3.0,7.8
linux,3.10.87,CVE-2016-2066,3.0,7.8
linux,3.10.87,CVE-2016-2061,3.0,7.8
linux,3.10.87,CVE-2016-4951,3.0,7.8
linux,3.10.87,CVE-2016-4913,3.0,7.8
linux,3.10.87,CVE-2016-4805,3.0,7.8
linux,3.10.87,CVE-2016-4794,3.0,7.8
linux,3.10.87,CVE-2016-4568,3.0,7.8
linux,3.10.87,CVE-2016-4565,3.0,7.8
linux,3.10.87,CVE-2016-4557,3.0,7.8
linux,3.10.87,CVE-2015-0571,3.0,7.8
linux,3.10.87,CVE-2015-0570,3.0,7.8
linux,3.10.87,CVE-2015-0569,3.0,7.8
linux,3.10.87,CVE-2016-2062,3.0,7.8
linux,3.10.87,CVE-2016-2059,3.0,7.8
linux,3.10.87,CVE-2016-1576,3.0,7.8
linux,3.10.87,CVE-2016-1575,3.0,7.8
linux,3.10.87,CVE-2016-3672,3.0,7.8
linux,3.10.87,CVE-2016-3135,3.0,7.8
linux,3.10.87,CVE-2016-0728,3.0,7.8
linux,3.10.87,CVE-2015-8539,3.0,7.8
linux,3.10.87,CVE-2013-7445,2.0,7.8
linux,3.10.87,CVE-2015-5364,2.0,7.8
linux,3.10.87,CVE-2015-4003,2.0,7.8
linux,3.10.87,CVE-2015-1465,2.0,7.8
linux,3.10.87,CVE-2014-9428,2.0,7.8
linux,3.10.87,CVE-2014-3687,2.0,7.8
linux,3.10.87,CVE-2014-3673,2.0,7.8
linux,3.10.87,CVE-2014-7145,2.0,7.8
linux,3.10.87,CVE-2014-6417,2.0,7.8
linux,3.10.87,CVE-2014-6416,2.0,7.8
linux,3.10.87,CVE-2018-6412,3.0,7.5
linux,3.10.87,CVE-2017-1000410,3.0,7.5
linux,3.10.87,CVE-2017-10810,3.0,7.5
linux,3.10.87,CVE-2017-8797,3.0,7.5
linux,3.10.87,CVE-2017-7645,3.0,7.5
linux,3.10.87,CVE-2017-7618,3.0,7.5
linux,3.10.87,CVE-2017-6214,3.0,7.5
linux,3.10.87,CVE-2017-5972,3.0,7.5
linux,3.10.87,CVE-2017-5970,3.0,7.5
linux,3.10.87,CVE-2016-9919,3.0,7.5
linux,3.10.87,CVE-2016-8666,3.0,7.5
linux,3.10.87,CVE-2016-7039,3.0,7.5
linux,3.10.87,CVE-2016-5244,3.0,7.5
linux,3.10.87,CVE-2016-4580,3.0,7.5
linux,3.10.87,CVE-2016-4485,3.0,7.5
linux,3.10.87,CVE-2016-2117,3.0,7.5
linux,3.10.87,CVE-2016-2070,3.0,7.5
linux,3.10.87,CVE-2015-8746,3.0,7.5
linux,3.10.87,CVE-2016-0821,3.0,7.5
linux,3.10.87,CVE-2017-1000407,3.0,7.4
linux,3.10.87,CVE-2017-1000364,3.0,7.4
linux,3.10.87,CVE-2016-6516,3.0,7.4
linux,3.10.87,CVE-2016-2069,3.0,7.4
linux,3.10.87,CVE-2014-0049,2.0,7.4
linux,3.10.87,CVE-2015-8962,3.0,7.3
linux,3.10.87,CVE-2015-8955,3.0,7.3
linux,3.10.87,CVE-2016-3841,3.0,7.3
linux,3.10.87,CVE-2015-4036,2.0,7.2
linux,3.10.87,CVE-2015-5157,2.0,7.2
linux,3.10.87,CVE-2015-3290,2.0,7.2
linux,3.10.87,CVE-2015-1805,2.0,7.2
linux,3.10.87,CVE-2015-0274,2.0,7.2
linux,3.10.87,CVE-2014-8173,2.0,7.2
linux,3.10.87,CVE-2014-7822,2.0,7.2
linux,3.10.87,CVE-2014-9529,2.0,7.2
linux,3.10.87,CVE-2014-4322,2.0,7.2
linux,3.10.87,CVE-2014-9322,2.0,7.2
linux,3.10.87,CVE-2014-3631,2.0,7.2
linux,3.10.87,CVE-2014-5206,2.0,7.2
linux,3.10.87,CVE-2014-3534,2.0,7.2
linux,3.10.87,CVE-2014-3153,2.0,7.2
linux,3.10.87,CVE-2014-1737,2.0,7.2
linux,3.10.87,CVE-2013-4587,2.0,7.2
linux,3.10.87,CVE-2018-18021,3.0,7.1
linux,3.10.87,CVE-2017-18270,3.0,7.1
linux,3.10.87,CVE-2017-12154,3.0,7.1
linux,3.10.87,CVE-2017-11472,3.0,7.1
linux,3.10.87,CVE-2017-7277,3.0,7.1
linux,3.10.87,CVE-2017-2584,3.0,7.1
linux,3.10.87,CVE-2016-4998,3.0,7.1
linux,3.10.87,CVE-2016-3713,3.0,7.1
linux,3.10.87,CVE-2014-6418,2.0,7.1
linux,3.10.87,CVE-2014-2706,2.0,7.1
linux,3.10.87,CVE-2014-2672,2.0,7.1
linux,3.10.87,CVE-2013-4563,2.0,7.1
linux,3.10.87,CVE-2013-4348,2.0,7.1
linux,3.10.87,CVE-2018-14633,3.0,7.0
linux,3.10.87,CVE-2017-18249,3.0,7.0
linux,3.10.87,CVE-2017-18202,3.0,7.0
linux,3.10.87,CVE-2017-17712,3.0,7.0
linux,3.10.87,CVE-2017-1000405,3.0,7.0
linux,3.10.87,CVE-2017-17053,3.0,7.0
linux,3.10.87,CVE-2017-15265,3.0,7.0
linux,3.10.87,CVE-2017-1000112,3.0,7.0
linux,3.10.87,CVE-2017-12146,3.0,7.0
linux,3.10.87,CVE-2017-10661,3.0,7.0
linux,3.10.87,CVE-2017-7533,3.0,7.0
linux,3.10.87,CVE-2017-11600,3.0,7.0
linux,3.10.87,CVE-2014-9940,3.0,7.0
linux,3.10.87,CVE-2017-7477,3.0,7.0
linux,3.10.87,CVE-2017-6874,3.0,7.0
linux,3.10.87,CVE-2017-0523,3.0,7.0
linux,3.10.87,CVE-2016-10200,3.0,7.0
linux,3.10.87,CVE-2017-6346,3.0,7.0
linux,3.10.87,CVE-2017-6001,3.0,7.0
linux,3.10.87,CVE-2016-10088,3.0,7.0
linux,3.10.87,CVE-2016-6787,3.0,7.0
linux,3.10.87,CVE-2016-6786,3.0,7.0
linux,3.10.87,CVE-2015-8963,3.0,7.0
linux,3.10.87,CVE-2016-4558,3.0,7.0
linux,3.10.87,CVE-2015-8709,3.0,7.0
linux,3.10.87,CVE-2015-8543,3.0,7.0
linux,3.10.87,CVE-2015-2925,2.0,6.9
linux,3.10.87,CVE-2015-7613,2.0,6.9
linux,3.10.87,CVE-2015-2666,2.0,6.9
linux,3.10.87,CVE-2014-9710,2.0,6.9
linux,3.10.87,CVE-2014-3185,2.0,6.9
linux,3.10.87,CVE-2014-3183,2.0,6.9
linux,3.10.87,CVE-2014-3182,2.0,6.9
linux,3.10.87,CVE-2014-3181,2.0,6.9
linux,3.10.87,CVE-2014-4699,2.0,6.9
linux,3.10.87,CVE-2014-0196,2.0,6.9
linux,3.10.87,CVE-2014-2851,2.0,6.9
linux,3.10.87,CVE-2014-0038,2.0,6.9
linux,3.10.87,CVE-2013-6383,2.0,6.9
linux,3.10.87,CVE-2013-6381,2.0,6.9
linux,3.10.87,CVE-2013-6763,2.0,6.9
linux,3.10.87,CVE-2013-4511,2.0,6.9
linux,3.10.87,CVE-2013-4470,2.0,6.9
linux,3.10.87,CVE-2013-4343,2.0,6.9
linux,3.10.87,CVE-2016-8633,3.0,6.8
linux,3.10.87,CVE-2015-8816,3.0,6.8
linux,3.10.87,CVE-2016-0723,3.0,6.8
linux,3.10.87,CVE-2015-8660,3.0,6.7
linux,3.10.87,CVE-2017-17558,3.0,6.6
linux,3.10.87,CVE-2017-16650,3.0,6.6
linux,3.10.87,CVE-2017-16649,3.0,6.6
linux,3.10.87,CVE-2017-16648,3.0,6.6
linux,3.10.87,CVE-2017-16647,3.0,6.6
linux,3.10.87,CVE-2017-16646,3.0,6.6
linux,3.10.87,CVE-2017-16645,3.0,6.6
linux,3.10.87,CVE-2017-16644,3.0,6.6
linux,3.10.87,CVE-2017-16643,3.0,6.6
linux,3.10.87,CVE-2017-16538,3.0,6.6
linux,3.10.87,CVE-2017-16537,3.0,6.6
linux,3.10.87,CVE-2017-16536,3.0,6.6
linux,3.10.87,CVE-2017-16535,3.0,6.6
linux,3.10.87,CVE-2017-16534,3.0,6.6
linux,3.10.87,CVE-2017-16533,3.0,6.6
linux,3.10.87,CVE-2017-16532,3.0,6.6
linux,3.10.87,CVE-2017-16531,3.0,6.6
linux,3.10.87,CVE-2017-16530,3.0,6.6
linux,3.10.87,CVE-2017-16529,3.0,6.6
linux,3.10.87,CVE-2017-16528,3.0,6.6
linux,3.10.87,CVE-2017-16527,3.0,6.6
linux,3.10.87,CVE-2017-16525,3.0,6.6
linux,3.10.87,CVE-2014-4653,2.0,6.6
linux,3.10.87,CVE-2018-15572,3.0,6.5
linux,3.10.87,CVE-2018-1066,3.0,6.5
linux,3.10.87,CVE-2017-17741,3.0,6.5
linux,3.10.87,CVE-2017-12190,3.0,6.5
linux,3.10.87,CVE-2015-5327,3.0,6.5
linux,3.10.87,CVE-2017-10911,3.0,6.5
linux,3.10.87,CVE-2016-10318,3.0,6.5
linux,3.10.87,CVE-2017-2596,3.0,6.5
linux,3.10.87,CVE-2016-5412,3.0,6.5
linux,3.10.87,CVE-2015-7513,3.0,6.5
linux,3.10.87,CVE-2018-12633,3.0,6.3
linux,3.10.87,CVE-2017-15102,3.0,6.3
linux,3.10.87,CVE-2016-5728,3.0,6.3
linux,3.10.87,CVE-2016-7042,3.0,6.2
linux,3.10.87,CVE-2016-4482,3.0,6.2
linux,3.10.87,CVE-2016-2847,3.0,6.2
linux,3.10.87,CVE-2016-2549,3.0,6.2
linux,3.10.87,CVE-2016-2548,3.0,6.2
linux,3.10.87,CVE-2016-2543,3.0,6.2
linux,3.10.87,CVE-2015-1339,3.0,6.2
linux,3.10.87,CVE-2015-8785,3.0,6.2
linux,3.10.87,CVE-2015-8767,3.0,6.2
linux,3.10.87,CVE-2013-4312,3.0,6.2
linux,3.10.87,CVE-2015-3339,2.0,6.2
linux,3.10.87,CVE-2014-5045,2.0,6.2
linux,3.10.87,CVE-2014-4014,2.0,6.2
linux,3.10.87,CVE-2014-0069,2.0,6.2
linux,3.10.87,CVE-2013-6368,2.0,6.2
linux,3.10.87,CVE-2013-2888,2.0,6.2
linux,3.10.87,CVE-2018-16658,3.0,6.1
linux,3.10.87,CVE-2016-8658,3.0,6.1
linux,3.10.87,CVE-2015-8956,3.0,6.1
linux,3.10.87,CVE-2014-9717,3.0,6.1
linux,3.10.87,CVE-2015-5156,2.0,6.1
linux,3.10.87,CVE-2014-8884,2.0,6.1
linux,3.10.87,CVE-2014-2309,2.0,6.1
linux,3.10.87,CVE-2013-7027,2.0,6.1
linux,3.10.87,CVE-2013-4387,2.0,6.1
linux,3.10.87,CVE-2017-12168,3.0,6.0
linux,3.10.87,CVE-2014-5207,2.0,6.0
linux,3.10.87,CVE-2013-4299,2.0,6.0
linux,3.10.87,CVE-2018-12232,3.0,5.9
linux,3.10.87,CVE-2018-1108,3.0,5.9
linux,3.10.87,CVE-2015-7990,3.0,5.8
linux,3.10.87,CVE-2013-4345,2.0,5.8
linux,3.10.87,CVE-2013-6367,2.0,5.7
linux,3.10.87,CVE-2018-18690,3.0,5.5
linux,3.10.87,CVE-2018-6554,3.0,5.5
linux,3.10.87,CVE-2018-15594,3.0,5.5
linux,3.10.87,CVE-2018-7754,3.0,5.5
linux,3.10.87,CVE-2018-5995,3.0,5.5
linux,3.10.87,CVE-2018-5953,3.0,5.5
linux,3.10.87,CVE-2018-10883,3.0,5.5
linux,3.10.87,CVE-2017-2618,3.0,5.5
linux,3.10.87,CVE-2018-14617,3.0,5.5
linux,3.10.87,CVE-2018-14616,3.0,5.5
linux,3.10.87,CVE-2018-14615,3.0,5.5
linux,3.10.87,CVE-2018-14614,3.0,5.5
linux,3.10.87,CVE-2018-14613,3.0,5.5
linux,3.10.87,CVE-2018-14612,3.0,5.5
linux,3.10.87,CVE-2018-14611,3.0,5.5
linux,3.10.87,CVE-2018-14610,3.0,5.5
linux,3.10.87,CVE-2018-14609,3.0,5.5
linux,3.10.87,CVE-2018-10881,3.0,5.5
linux,3.10.87,CVE-2017-18344,3.0,5.5
linux,3.10.87,CVE-2018-10880,3.0,5.5
linux,3.10.87,CVE-2018-13100,3.0,5.5
linux,3.10.87,CVE-2018-13099,3.0,5.5
linux,3.10.87,CVE-2018-13098,3.0,5.5
linux,3.10.87,CVE-2018-13097,3.0,5.5
linux,3.10.87,CVE-2018-13096,3.0,5.5
linux,3.10.87,CVE-2018-13095,3.0,5.5
linux,3.10.87,CVE-2018-13094,3.0,5.5
linux,3.10.87,CVE-2018-13093,3.0,5.5
linux,3.10.87,CVE-2018-12896,3.0,5.5
linux,3.10.87,CVE-2016-10723,3.0,5.5
linux,3.10.87,CVE-2018-11508,3.0,5.5
linux,3.10.87,CVE-2018-11232,3.0,5.5
linux,3.10.87,CVE-2018-1130,3.0,5.5
linux,3.10.87,CVE-2018-10940,3.0,5.5
linux,3.10.87,CVE-2018-10323,3.0,5.5
linux,3.10.87,CVE-2018-10322,3.0,5.5
linux,3.10.87,CVE-2017-18261,3.0,5.5
linux,3.10.87,CVE-2018-10124,3.0,5.5
linux,3.10.87,CVE-2018-10087,3.0,5.5
linux,3.10.87,CVE-2018-10074,3.0,5.5
linux,3.10.87,CVE-2018-10021,3.0,5.5
linux,3.10.87,CVE-2017-18257,3.0,5.5
linux,3.10.87,CVE-2018-1095,3.0,5.5
linux,3.10.87,CVE-2018-1094,3.0,5.5
linux,3.10.87,CVE-2018-1093,3.0,5.5
linux,3.10.87,CVE-2018-1092,3.0,5.5
linux,3.10.87,CVE-2018-1091,3.0,5.5
linux,3.10.87,CVE-2017-18241,3.0,5.5
linux,3.10.87,CVE-2017-18232,3.0,5.5
linux,3.10.87,CVE-2018-8087,3.0,5.5
linux,3.10.87,CVE-2018-8043,3.0,5.5
linux,3.10.87,CVE-2018-7757,3.0,5.5
linux,3.10.87,CVE-2018-7755,3.0,5.5
linux,3.10.87,CVE-2018-7740,3.0,5.5
linux,3.10.87,CVE-2017-18221,3.0,5.5
linux,3.10.87,CVE-2017-18216,3.0,5.5
linux,3.10.87,CVE-2017-18208,3.0,5.5
linux,3.10.87,CVE-2017-18204,3.0,5.5
linux,3.10.87,CVE-2018-7492,3.0,5.5
linux,3.10.87,CVE-2017-18200,3.0,5.5
linux,3.10.87,CVE-2017-18193,3.0,5.5
linux,3.10.87,CVE-2018-7273,3.0,5.5
linux,3.10.87,CVE-2018-5750,3.0,5.5
linux,3.10.87,CVE-2017-15128,3.0,5.5
linux,3.10.87,CVE-2017-15127,3.0,5.5
linux,3.10.87,CVE-2018-5333,3.0,5.5
linux,3.10.87,CVE-2017-15129,3.0,5.5
linux,3.10.87,CVE-2017-17975,3.0,5.5
linux,3.10.87,CVE-2017-17862,3.0,5.5
linux,3.10.87,CVE-2017-15116,3.0,5.5
linux,3.10.87,CVE-2017-16994,3.0,5.5
linux,3.10.87,CVE-2017-12193,3.0,5.5
linux,3.10.87,CVE-2017-15306,3.0,5.5
linux,3.10.87,CVE-2017-15537,3.0,5.5
linux,3.10.87,CVE-2017-15299,3.0,5.5
linux,3.10.87,CVE-2017-15274,3.0,5.5
linux,3.10.87,CVE-2017-12192,3.0,5.5
linux,3.10.87,CVE-2017-14991,3.0,5.5
linux,3.10.87,CVE-2017-14954,3.0,5.5
linux,3.10.87,CVE-2017-1000252,3.0,5.5
linux,3.10.87,CVE-2017-14489,3.0,5.5
linux,3.10.87,CVE-2017-14340,3.0,5.5
linux,3.10.87,CVE-2017-14156,3.0,5.5
linux,3.10.87,CVE-2017-14140,3.0,5.5
linux,3.10.87,CVE-2017-14106,3.0,5.5
linux,3.10.87,CVE-2017-13695,3.0,5.5
linux,3.10.87,CVE-2017-13694,3.0,5.5
linux,3.10.87,CVE-2017-13693,3.0,5.5
linux,3.10.87,CVE-2017-7542,3.0,5.5
linux,3.10.87,CVE-2017-1000380,3.0,5.5
linux,3.10.87,CVE-2017-9605,3.0,5.5
linux,3.10.87,CVE-2017-9242,3.0,5.5
linux,3.10.87,CVE-2017-9211,3.0,5.5
linux,3.10.87,CVE-2017-9150,3.0,5.5
linux,3.10.87,CVE-2017-9059,3.0,5.5
linux,3.10.87,CVE-2017-7495,3.0,5.5
linux,3.10.87,CVE-2017-8925,3.0,5.5
linux,3.10.87,CVE-2017-7472,3.0,5.5
linux,3.10.87,CVE-2017-7616,3.0,5.5
linux,3.10.87,CVE-2017-2671,3.0,5.5
linux,3.10.87,CVE-2017-7346,3.0,5.5
linux,3.10.87,CVE-2017-7261,3.0,5.5
linux,3.10.87,CVE-2017-6951,3.0,5.5
linux,3.10.87,CVE-2017-6353,3.0,5.5
linux,3.10.87,CVE-2017-6348,3.0,5.5
linux,3.10.87,CVE-2017-5986,3.0,5.5
linux,3.10.87,CVE-2017-5577,3.0,5.5
linux,3.10.87,CVE-2017-5550,3.0,5.5
linux,3.10.87,CVE-2017-5549,3.0,5.5
linux,3.10.87,CVE-2016-10147,3.0,5.5
linux,3.10.87,CVE-2016-9756,3.0,5.5
linux,3.10.87,CVE-2016-9685,3.0,5.5
linux,3.10.87,CVE-2016-9588,3.0,5.5
linux,3.10.87,CVE-2016-9191,3.0,5.5
linux,3.10.87,CVE-2016-9178,3.0,5.5
linux,3.10.87,CVE-2016-8650,3.0,5.5
linux,3.10.87,CVE-2016-8646,3.0,5.5
linux,3.10.87,CVE-2016-8645,3.0,5.5
linux,3.10.87,CVE-2016-8630,3.0,5.5
linux,3.10.87,CVE-2015-8970,3.0,5.5
linux,3.10.87,CVE-2016-7916,3.0,5.5
linux,3.10.87,CVE-2016-7915,3.0,5.5
linux,3.10.87,CVE-2016-7914,3.0,5.5
linux,3.10.87,CVE-2015-8964,3.0,5.5
linux,3.10.87,CVE-2016-8660,3.0,5.5
linux,3.10.87,CVE-2016-6828,3.0,5.5
linux,3.10.87,CVE-2016-6327,3.0,5.5
linux,3.10.87,CVE-2015-8953,3.0,5.5
linux,3.10.87,CVE-2015-8952,3.0,5.5
linux,3.10.87,CVE-2015-8950,3.0,5.5
linux,3.10.87,CVE-2016-6198,3.0,5.5
linux,3.10.87,CVE-2016-6197,3.0,5.5
linux,3.10.87,CVE-2015-8944,3.0,5.5
linux,3.10.87,CVE-2014-9900,3.0,5.5
linux,3.10.87,CVE-2014-9895,3.0,5.5
linux,3.10.87,CVE-2014-9892,3.0,5.5
linux,3.10.87,CVE-2016-1237,3.0,5.5
linux,3.10.87,CVE-2016-5243,3.0,5.5
linux,3.10.87,CVE-2016-4470,3.0,5.5
linux,3.10.87,CVE-2016-4581,3.0,5.5
linux,3.10.87,CVE-2016-4578,3.0,5.5
linux,3.10.87,CVE-2016-4569,3.0,5.5
linux,3.10.87,CVE-2015-4178,3.0,5.5
linux,3.10.87,CVE-2015-4177,3.0,5.5
linux,3.10.87,CVE-2015-4176,3.0,5.5
linux,3.10.87,CVE-2015-2672,3.0,5.5
linux,3.10.87,CVE-2015-1573,3.0,5.5
linux,3.10.87,CVE-2015-1350,3.0,5.5
linux,3.10.87,CVE-2016-3156,3.0,5.5
linux,3.10.87,CVE-2016-2550,3.0,5.5
linux,3.10.87,CVE-2016-2383,3.0,5.5
linux,3.10.87,CVE-2016-2085,3.0,5.5
linux,3.10.87,CVE-2015-8845,3.0,5.5
linux,3.10.87,CVE-2015-8844,3.0,5.5
linux,3.10.87,CVE-2015-7550,3.0,5.5
linux,3.10.87,CVE-2014-0155,2.0,5.5
linux,3.10.87,CVE-2014-0077,2.0,5.5
linux,3.10.87,CVE-2014-5077,2.0,5.4
linux,3.10.87,CVE-2013-2895,2.0,5.4
linux,3.10.87,CVE-2018-1120,3.0,5.3
linux,3.10.87,CVE-2013-7446,3.0,5.3
linux,3.10.87,CVE-2013-6376,2.0,5.2
linux,3.10.87,CVE-2016-6480,3.0,5.1
linux,3.10.87,CVE-2016-6156,3.0,5.1
linux,3.10.87,CVE-2016-2547,3.0,5.1
linux,3.10.87,CVE-2016-2546,3.0,5.1
linux,3.10.87,CVE-2016-2545,3.0,5.1
linux,3.10.87,CVE-2016-2544,3.0,5.1
linux,3.10.87,CVE-2016-7917,3.0,5.0
linux,3.10.87,CVE-2015-8215,2.0,5.0
linux,3.10.87,CVE-2015-5366,2.0,5.0
linux,3.10.87,CVE-2015-1593,2.0,5.0
linux,3.10.87,CVE-2014-8160,2.0,5.0
linux,3.10.87,CVE-2014-7841,2.0,5.0
linux,3.10.87,CVE-2014-3688,2.0,5.0
linux,3.10.87,CVE-2014-8709,2.0,5.0
linux,3.10.87,CVE-2014-4667,2.0,5.0
linux,3.10.87,CVE-2014-4611,2.0,5.0
linux,3.10.87,CVE-2014-4608,2.0,5.0
linux,3.10.87,CVE-2013-4350,2.0,5.0
linux,3.10.87,CVE-2018-12904,3.0,4.9
linux,3.10.87,CVE-2015-5307,2.0,4.9
linux,3.10.87,CVE-2015-5257,2.0,4.9
linux,3.10.87,CVE-2015-7799,2.0,4.9
linux,3.10.87,CVE-2015-6937,2.0,4.9
linux,3.10.87,CVE-2015-0275,2.0,4.9
linux,3.10.87,CVE-2015-6526,2.0,4.9
linux,3.10.87,CVE-2015-4700,2.0,4.9
linux,3.10.87,CVE-2015-3212,2.0,4.9
linux,3.10.87,CVE-2015-1333,2.0,4.9
linux,3.10.87,CVE-2014-9730,2.0,4.9
linux,3.10.87,CVE-2014-9729,2.0,4.9
linux,3.10.87,CVE-2014-9728,2.0,4.9
linux,3.10.87,CVE-2015-3636,2.0,4.9
linux,3.10.87,CVE-2015-4692,2.0,4.9
linux,3.10.87,CVE-2015-3332,2.0,4.9
linux,3.10.87,CVE-2014-9715,2.0,4.9
linux,3.10.87,CVE-2014-8172,2.0,4.9
linux,3.10.87,CVE-2015-2150,2.0,4.9
linux,3.10.87,CVE-2014-9420,2.0,4.9
linux,3.10.87,CVE-2014-9090,2.0,4.9
linux,3.10.87,CVE-2014-7843,2.0,4.9
linux,3.10.87,CVE-2014-7842,2.0,4.9
linux,3.10.87,CVE-2014-8559,2.0,4.9
linux,3.10.87,CVE-2014-8481,2.0,4.9
linux,3.10.87,CVE-2014-8480,2.0,4.9
linux,3.10.87,CVE-2014-7825,2.0,4.9
linux,3.10.87,CVE-2014-3690,2.0,4.9
linux,3.10.87,CVE-2014-3611,2.0,4.9
linux,3.10.87,CVE-2014-3610,2.0,4.9
linux,3.10.87,CVE-2014-8086,2.0,4.9
linux,3.10.87,CVE-2014-7975,2.0,4.9
linux,3.10.87,CVE-2014-7970,2.0,4.9
linux,3.10.87,CVE-2014-7283,2.0,4.9
linux,3.10.87,CVE-2014-4656,2.0,4.9
linux,3.10.87,CVE-2014-4655,2.0,4.9
linux,3.10.87,CVE-2014-4654,2.0,4.9
linux,3.10.87,CVE-2014-3145,2.0,4.9
linux,3.10.87,CVE-2014-3144,2.0,4.9
linux,3.10.87,CVE-2014-3122,2.0,4.9
linux,3.10.87,CVE-2014-1738,2.0,4.9
linux,3.10.87,CVE-2014-2039,2.0,4.9
linux,3.10.87,CVE-2013-7281,2.0,4.9
linux,3.10.87,CVE-2013-7271,2.0,4.9
linux,3.10.87,CVE-2013-7270,2.0,4.9
linux,3.10.87,CVE-2013-7269,2.0,4.9
linux,3.10.87,CVE-2013-7268,2.0,4.9
linux,3.10.87,CVE-2013-7267,2.0,4.9
linux,3.10.87,CVE-2013-7266,2.0,4.9
linux,3.10.87,CVE-2013-7265,2.0,4.9
linux,3.10.87,CVE-2013-7264,2.0,4.9
linux,3.10.87,CVE-2013-7263,2.0,4.9
linux,3.10.87,CVE-2013-4516,2.0,4.9
linux,3.10.87,CVE-2013-4515,2.0,4.9
linux,3.10.87,CVE-2013-4513,2.0,4.9
linux,3.10.87,CVE-2016-5696,3.0,4.8
linux,3.10.87,CVE-2017-18224,3.0,4.7
linux,3.10.87,CVE-2018-7995,3.0,4.7
linux,3.10.87,CVE-2018-1065,3.0,4.7
linux,3.10.87,CVE-2017-18203,3.0,4.7
linux,3.10.87,CVE-2017-17449,3.0,4.7
linux,3.10.87,CVE-2016-6213,3.0,4.7
linux,3.10.87,CVE-2016-6136,3.0,4.7
linux,3.10.87,CVE-2016-6130,3.0,4.7
linux,3.10.87,CVE-2016-2053,3.0,4.7
linux,3.10.87,CVE-2015-4170,3.0,4.7
linux,3.10.87,CVE-2015-8104,2.0,4.7
linux,3.10.87,CVE-2015-5283,2.0,4.7
linux,3.10.87,CVE-2015-4167,2.0,4.7
linux,3.10.87,CVE-2015-0239,2.0,4.7
linux,3.10.87,CVE-2014-6410,2.0,4.7
linux,3.10.87,CVE-2014-3184,2.0,4.7
linux,3.10.87,CVE-2014-4652,2.0,4.7
linux,3.10.87,CVE-2014-4508,2.0,4.7
linux,3.10.87,CVE-2014-4171,2.0,4.7
linux,3.10.87,CVE-2014-2678,2.0,4.7
linux,3.10.87,CVE-2014-2673,2.0,4.7
linux,3.10.87,CVE-2013-7339,2.0,4.7
linux,3.10.87,CVE-2014-1438,2.0,4.7
linux,3.10.87,CVE-2013-7026,2.0,4.7
linux,3.10.87,CVE-2013-6431,2.0,4.7
linux,3.10.87,CVE-2013-6380,2.0,4.7
linux,3.10.87,CVE-2013-4514,2.0,4.7
linux,3.10.87,CVE-2013-4512,2.0,4.7
linux,3.10.87,CVE-2013-2899,2.0,4.7
linux,3.10.87,CVE-2013-2897,2.0,4.7
linux,3.10.87,CVE-2013-2896,2.0,4.7
linux,3.10.87,CVE-2013-2894,2.0,4.7
linux,3.10.87,CVE-2013-2893,2.0,4.7
linux,3.10.87,CVE-2013-2892,2.0,4.7
linux,3.10.87,CVE-2013-2891,2.0,4.7
linux,3.10.87,CVE-2013-2890,2.0,4.7
linux,3.10.87,CVE-2013-2889,2.0,4.7
linux,3.10.87,CVE-2017-8924,3.0,4.6
linux,3.10.87,CVE-2016-3689,3.0,4.6
linux,3.10.87,CVE-2016-3140,3.0,4.6
linux,3.10.87,CVE-2016-3138,3.0,4.6
linux,3.10.87,CVE-2016-3137,3.0,4.6
linux,3.10.87,CVE-2016-3136,3.0,4.6
linux,3.10.87,CVE-2016-2188,3.0,4.6
linux,3.10.87,CVE-2016-2187,3.0,4.6
linux,3.10.87,CVE-2016-2186,3.0,4.6
linux,3.10.87,CVE-2016-2185,3.0,4.6
linux,3.10.87,CVE-2016-3139,3.0,4.6
linux,3.10.87,CVE-2016-2782,3.0,4.6
linux,3.10.87,CVE-2016-2384,3.0,4.6
linux,3.10.87,CVE-2016-2184,3.0,4.6
linux,3.10.87,CVE-2015-7515,3.0,4.6
linux,3.10.87,CVE-2015-7566,3.0,4.6
linux,3.10.87,CVE-2015-2042,2.0,4.6
linux,3.10.87,CVE-2015-2041,2.0,4.6
linux,3.10.87,CVE-2014-8989,2.0,4.6
linux,3.10.87,CVE-2014-8369,2.0,4.6
linux,3.10.87,CVE-2014-7826,2.0,4.6
linux,3.10.87,CVE-2014-4157,2.0,4.6
linux,3.10.87,CVE-2013-7348,2.0,4.6
linux,3.10.87,CVE-2013-6432,2.0,4.6
linux,3.10.87,CVE-2016-9604,3.0,4.4
linux,3.10.87,CVE-2017-12153,3.0,4.4
linux,3.10.87,CVE-2017-14051,3.0,4.4
linux,3.10.87,CVE-2017-5551,3.0,4.4
linux,3.10.87,CVE-2016-7097,3.0,4.4
linux,3.10.87,CVE-2014-1874,2.0,4.4
linux,3.10.87,CVE-2013-6378,2.0,4.4
linux,3.10.87,CVE-2010-5321,3.0,4.3
linux,3.10.87,CVE-2016-10208,3.0,4.3
linux,3.10.87,CVE-2016-5400,3.0,4.3
linux,3.10.87,CVE-2014-3601,2.0,4.3
linux,3.10.87,CVE-2013-4579,2.0,4.3
linux,3.10.87,CVE-2017-5967,3.0,4.0
linux,3.10.87,CVE-2016-0823,3.0,4.0
linux,3.10.87,CVE-2015-8575,3.0,4.0
linux,3.10.87,CVE-2015-8374,3.0,4.0
linux,3.10.87,CVE-2014-5472,2.0,4.0
linux,3.10.87,CVE-2014-5471,2.0,4.0
linux,3.10.87,CVE-2014-3940,2.0,4.0
linux,3.10.87,CVE-2013-6382,2.0,4.0
linux,3.10.87,CVE-2014-2038,2.0,3.7
linux,3.10.87,CVE-2014-9683,2.0,3.6
linux,3.10.87,CVE-2013-4270,2.0,3.6
linux,3.10.87,CVE-2013-2930,2.0,3.6
linux,3.10.87,CVE-2018-18386,3.0,3.3
linux,3.10.87,CVE-2018-13053,3.0,3.3
linux,3.10.87,CVE-2017-17864,3.0,3.3
linux,3.10.87,CVE-2017-17807,3.0,3.3
linux,3.10.87,CVE-2015-2877,3.0,3.3
linux,3.10.87,CVE-2016-4486,3.0,3.3
linux,3.10.87,CVE-2015-2922,2.0,3.3
linux,3.10.87,CVE-2014-3917,2.0,3.3
linux,3.10.87,CVE-2013-2929,2.0,3.3
linux,3.10.87,CVE-2014-2568,2.0,2.9
linux,3.10.87,CVE-2014-0131,2.0,2.9
linux,3.10.87,CVE-2014-1690,2.0,2.6
linux,3.10.87,CVE-2015-8569,3.0,2.3
linux,3.10.87,CVE-2015-7885,3.0,2.3
linux,3.10.87,CVE-2015-7884,3.0,2.3
linux,3.10.87,CVE-2014-4027,2.0,2.3
linux,3.10.87,CVE-2015-7872,2.0,2.1
linux,3.10.87,CVE-2015-6252,2.0,2.1
linux,3.10.87,CVE-2015-5697,2.0,2.1
linux,3.10.87,CVE-2015-3291,2.0,2.1
linux,3.10.87,CVE-2014-9731,2.0,2.1
linux,3.10.87,CVE-2014-9644,2.0,2.1
linux,3.10.87,CVE-2013-7421,2.0,2.1
linux,3.10.87,CVE-2014-9585,2.0,2.1
linux,3.10.87,CVE-2014-9584,2.0,2.1
linux,3.10.87,CVE-2014-9419,2.0,2.1
linux,3.10.87,CVE-2014-8133,2.0,2.1
linux,3.10.87,CVE-2014-8134,2.0,2.1
linux,3.10.87,CVE-2014-3647,2.0,2.1
linux,3.10.87,CVE-2014-3646,2.0,2.1
linux,3.10.87,CVE-2014-3645,2.0,2.1
linux,3.10.87,CVE-2014-0206,2.0,2.1
linux,3.10.87,CVE-2014-0181,2.0,2.1
linux,3.10.87,CVE-2014-1445,2.0,2.1
linux,3.10.87,CVE-2015-2830,2.0,1.9
linux,3.10.87,CVE-2015-1420,2.0,1.9
linux,3.10.87,CVE-2014-1446,2.0,1.9
linux,3.10.87,CVE-2013-2898,2.0,1.9
linux,3.10.87,CVE-2014-1739,2.0,1.7
linux,3.10.87,CVE-2014-1444,2.0,1.7
linux,4.14.13,CVE-2018-12714,3.0,9.8
linux,4.14.13,CVE-2018-18445,3.0,7.8
linux,4.14.13,CVE-2018-14634,3.0,7.8
linux,4.14.13,CVE-2018-6555,3.0,7.8
linux,4.14.13,CVE-2018-16276,3.0,7.8
linux,4.14.13,CVE-2018-14619,3.0,7.8
linux,4.14.13,CVE-2018-14734,3.0,7.8
linux,4.14.13,CVE-2018-14678,3.0,7.8
linux,4.14.13,CVE-2018-10879,3.0,7.8
linux,4.14.13,CVE-2018-10878,3.0,7.8
linux,4.14.13,CVE-2018-13406,3.0,7.8
linux,4.14.13,CVE-2018-13405,3.0,7.8
linux,4.14.13,CVE-2018-12233,3.0,7.8
linux,4.14.13,CVE-2018-11506,3.0,7.8
linux,4.14.13,CVE-2018-8781,3.0,7.8
linux,4.14.13,CVE-2018-8822,3.0,7.8
linux,4.14.13,CVE-2018-6927,3.0,7.8
linux,4.14.13,CVE-2018-5344,3.0,7.8
linux,4.14.13,CVE-2018-5332,3.0,7.8
linux,4.14.13,CVE-2018-1000026,3.0,7.7
linux,4.14.13,CVE-2018-5390,3.0,7.5
linux,4.14.13,CVE-2018-6412,3.0,7.5
linux,4.14.13,CVE-2017-1000410,3.0,7.5
linux,4.14.13,CVE-2018-1000028,3.0,7.4
linux,4.14.13,CVE-2017-1000407,3.0,7.4
linux,4.14.13,CVE-2018-18021,3.0,7.1
linux,4.14.13,CVE-2018-14633,3.0,7.0
linux,4.14.13,CVE-2018-1068,3.0,6.7
linux,4.14.13,CVE-2018-15572,3.0,6.5
linux,4.14.13,CVE-2015-5327,3.0,6.5
linux,4.14.13,CVE-2018-12633,3.0,6.3
linux,4.14.13,CVE-2018-16658,3.0,6.1
linux,4.14.13,CVE-2018-12232,3.0,5.9
linux,4.14.13,CVE-2018-11412,3.0,5.9
linux,4.14.13,CVE-2018-1108,3.0,5.9
linux,4.14.13,CVE-2018-18690,3.0,5.5
linux,4.14.13,CVE-2018-6554,3.0,5.5
linux,4.14.13,CVE-2018-15594,3.0,5.5
linux,4.14.13,CVE-2018-7754,3.0,5.5
linux,4.14.13,CVE-2018-5995,3.0,5.5
linux,4.14.13,CVE-2018-5953,3.0,5.5
linux,4.14.13,CVE-2018-14617,3.0,5.5
linux,4.14.13,CVE-2018-14616,3.0,5.5
linux,4.14.13,CVE-2018-14615,3.0,5.5
linux,4.14.13,CVE-2018-14614,3.0,5.5
linux,4.14.13,CVE-2018-14613,3.0,5.5
linux,4.14.13,CVE-2018-14612,3.0,5.5
linux,4.14.13,CVE-2018-14611,3.0,5.5
linux,4.14.13,CVE-2018-14610,3.0,5.5
linux,4.14.13,CVE-2018-14609,3.0,5.5
linux,4.14.13,CVE-2018-10881,3.0,5.5
linux,4.14.13,CVE-2018-10880,3.0,5.5
linux,4.14.13,CVE-2018-13100,3.0,5.5
linux,4.14.13,CVE-2018-13099,3.0,5.5
linux,4.14.13,CVE-2018-13098,3.0,5.5
linux,4.14.13,CVE-2018-13097,3.0,5.5
linux,4.14.13,CVE-2018-13096,3.0,5.5
linux,4.14.13,CVE-2018-13095,3.0,5.5
linux,4.14.13,CVE-2018-13094,3.0,5.5
linux,4.14.13,CVE-2018-13093,3.0,5.5
linux,4.14.13,CVE-2018-12896,3.0,5.5
linux,4.14.13,CVE-2016-10723,3.0,5.5
linux,4.14.13,CVE-2018-11508,3.0,5.5
linux,4.14.13,CVE-2018-1118,3.0,5.5
linux,4.14.13,CVE-2018-1130,3.0,5.5
linux,4.14.13,CVE-2018-10940,3.0,5.5
linux,4.14.13,CVE-2018-10323,3.0,5.5
linux,4.14.13,CVE-2018-10322,3.0,5.5
linux,4.14.13,CVE-2018-10074,3.0,5.5
linux,4.14.13,CVE-2018-10021,3.0,5.5
linux,4.14.13,CVE-2018-1095,3.0,5.5
linux,4.14.13,CVE-2018-1094,3.0,5.5
linux,4.14.13,CVE-2018-1093,3.0,5.5
linux,4.14.13,CVE-2018-1092,3.0,5.5
linux,4.14.13,CVE-2017-18232,3.0,5.5
linux,4.14.13,CVE-2018-8087,3.0,5.5
linux,4.14.13,CVE-2018-8043,3.0,5.5
linux,4.14.13,CVE-2018-7757,3.0,5.5
linux,4.14.13,CVE-2018-7755,3.0,5.5
linux,4.14.13,CVE-2018-7740,3.0,5.5
linux,4.14.13,CVE-2017-18216,3.0,5.5
linux,4.14.13,CVE-2018-7273,3.0,5.5
linux,4.14.13,CVE-2018-5750,3.0,5.5
linux,4.14.13,CVE-2018-5333,3.0,5.5
linux,4.14.13,CVE-2018-1000204,3.0,5.3
linux,4.14.13,CVE-2018-1120,3.0,5.3
linux,4.14.13,CVE-2018-12904,3.0,4.9
linux,4.14.13,CVE-2017-18224,3.0,4.7
linux,4.14.13,CVE-2018-7995,3.0,4.7
linux,4.14.13,CVE-2018-1065,3.0,4.7
linux,4.14.13,CVE-2018-13053,3.0,3.3
linux,4.15.0,CVE-2018-12714,3.0,9.8
linux,4.15.0,CVE-2018-18445,3.0,7.8
linux,4.15.0,CVE-2018-6555,3.0,7.8
linux,4.15.0,CVE-2018-16276,3.0,7.8
linux,4.15.0,CVE-2018-14619,3.0,7.8
linux,4.15.0,CVE-2018-14734,3.0,7.8
linux,4.15.0,CVE-2018-14678,3.0,7.8
linux,4.15.0,CVE-2018-10879,3.0,7.8
linux,4.15.0,CVE-2018-10878,3.0,7.8
linux,4.15.0,CVE-2018-13406,3.0,7.8
linux,4.15.0,CVE-2018-13405,3.0,7.8
linux,4.15.0,CVE-2018-12931,3.0,7.8
linux,4.15.0,CVE-2018-12930,3.0,7.8
linux,4.15.0,CVE-2018-12233,3.0,7.8
linux,4.15.0,CVE-2018-11506,3.0,7.8
linux,4.15.0,CVE-2018-8781,3.0,7.8
linux,4.15.0,CVE-2018-7566,3.0,7.8
linux,4.15.0,CVE-2018-8822,3.0,7.8
linux,4.15.0,CVE-2018-1000026,3.0,7.7
linux,4.15.0,CVE-2018-5391,3.0,7.5
linux,4.15.0,CVE-2018-5390,3.0,7.5
linux,4.15.0,CVE-2018-6412,3.0,7.5
linux,4.15.0,CVE-2017-1000410,3.0,7.5
linux,4.15.0,CVE-2018-1000028,3.0,7.4
linux,4.15.0,CVE-2017-1000407,3.0,7.4
linux,4.15.0,CVE-2018-18021,3.0,7.1
linux,4.15.0,CVE-2018-18955,3.0,7.0
linux,4.15.0,CVE-2018-1068,3.0,6.7
linux,4.15.0,CVE-2018-15572,3.0,6.5
linux,4.15.0,CVE-2015-5327,3.0,6.5
linux,4.15.0,CVE-2018-12633,3.0,6.3
linux,4.15.0,CVE-2018-16658,3.0,6.1
linux,4.15.0,CVE-2018-12232,3.0,5.9
linux,4.15.0,CVE-2018-11412,3.0,5.9
linux,4.15.0,CVE-2018-1108,3.0,5.9
linux,4.15.0,CVE-2018-14646,3.0,5.5
linux,4.15.0,CVE-2018-18690,3.0,5.5
linux,4.15.0,CVE-2018-6554,3.0,5.5
linux,4.15.0,CVE-2018-15594,3.0,5.5
linux,4.15.0,CVE-2018-7754,3.0,5.5
linux,4.15.0,CVE-2018-14617,3.0,5.5
linux,4.15.0,CVE-2018-14616,3.0,5.5
linux,4.15.0,CVE-2018-14615,3.0,5.5
linux,4.15.0,CVE-2018-14614,3.0,5.5
linux,4.15.0,CVE-2018-14613,3.0,5.5
linux,4.15.0,CVE-2018-14612,3.0,5.5
linux,4.15.0,CVE-2018-14611,3.0,5.5
linux,4.15.0,CVE-2018-14610,3.0,5.5
linux,4.15.0,CVE-2018-14609,3.0,5.5
linux,4.15.0,CVE-2018-10881,3.0,5.5
linux,4.15.0,CVE-2018-10880,3.0,5.5
linux,4.15.0,CVE-2018-13100,3.0,5.5
linux,4.15.0,CVE-2018-13099,3.0,5.5
linux,4.15.0,CVE-2018-13098,3.0,5.5
linux,4.15.0,CVE-2018-13097,3.0,5.5
linux,4.15.0,CVE-2018-13096,3.0,5.5
linux,4.15.0,CVE-2018-13095,3.0,5.5
linux,4.15.0,CVE-2018-13094,3.0,5.5
linux,4.15.0,CVE-2018-13093,3.0,5.5
linux,4.15.0,CVE-2018-12896,3.0,5.5
linux,4.15.0,CVE-2018-12929,3.0,5.5
linux,4.15.0,CVE-2018-12928,3.0,5.5
linux,4.15.0,CVE-2016-10723,3.0,5.5
linux,4.15.0,CVE-2018-1000200,3.0,5.5
linux,4.15.0,CVE-2018-11508,3.0,5.5
linux,4.15.0,CVE-2018-1118,3.0,5.5
linux,4.15.0,CVE-2018-1130,3.0,5.5
linux,4.15.0,CVE-2018-10940,3.0,5.5
linux,4.15.0,CVE-2018-10323,3.0,5.5
linux,4.15.0,CVE-2018-10322,3.0,5.5
linux,4.15.0,CVE-2018-10074,3.0,5.5
linux,4.15.0,CVE-2018-10021,3.0,5.5
linux,4.15.0,CVE-2018-1095,3.0,5.5
linux,4.15.0,CVE-2018-1094,3.0,5.5
linux,4.15.0,CVE-2018-1093,3.0,5.5
linux,4.15.0,CVE-2018-1092,3.0,5.5
linux,4.15.0,CVE-2017-18232,3.0,5.5
linux,4.15.0,CVE-2018-8087,3.0,5.5
linux,4.15.0,CVE-2018-8043,3.0,5.5
linux,4.15.0,CVE-2018-7757,3.0,5.5
linux,4.15.0,CVE-2018-7755,3.0,5.5
linux,4.15.0,CVE-2018-7740,3.0,5.5
linux,4.15.0,CVE-2018-7273,3.0,5.5
linux,4.15.0,CVE-2018-1000204,3.0,5.3
linux,4.15.0,CVE-2018-1120,3.0,5.3
linux,4.15.0,CVE-2018-12904,3.0,4.9
linux,4.15.0,CVE-2018-7995,3.0,4.7
linux,4.15.0,CVE-2018-1065,3.0,4.7
linux,4.15.0,CVE-2018-13053,3.0,3.3
mpg123,1.23.8-1+b1,CVE-2017-12797,3.0,5.5
mpg123,1.23.8-1+b1,CVE-2017-11126,3.0,5.5
mpv,0.23.0-2+deb9u2deepin,CVE-2018-6360,3.0,8.8
ncurses,6.0+20161126-1+deb9u2,CVE-2018-10754,3.0,7.5
ncurses,6.0+20170715-2,CVE-2017-16879,3.0,7.8
ncurses,6.0+20170715-2,CVE-2018-10754,3.0,7.5
ncurses,6.0+20170715-2,CVE-2017-13728,3.0,7.5
ncurses,6.0+20170715-2,CVE-2017-13734,3.0,6.5
ncurses,6.0+20170715-2,CVE-2017-13733,3.0,6.5
ncurses,6.0+20170715-2,CVE-2017-13732,3.0,6.5
ncurses,6.0+20170715-2,CVE-2017-13731,3.0,6.5
ncurses,6.0+20170715-2,CVE-2017-13730,3.0,6.5
ncurses,6.0+20170715-2,CVE-2017-13729,3.0,6.5
nghttp2,1.24.0-1,CVE-2018-1000168,3.0,7.5
opencv,2.4.9.1+dfsg1-2,CVE-2017-1000450,3.0,8.8
opencv,2.4.9.1+dfsg1-2,CVE-2017-12864,3.0,8.8
opencv,2.4.9.1+dfsg1-2,CVE-2017-12863,3.0,8.8
opencv,2.4.9.1+dfsg1-2,CVE-2017-12862,3.0,8.8
opencv,2.4.9.1+dfsg1-2,CVE-2017-12599,3.0,8.8
opencv,2.4.9.1+dfsg1-2,CVE-2017-12598,3.0,8.8
opencv,2.4.9.1+dfsg1-2,CVE-2017-12597,3.0,8.8
opencv,2.4.9.1+dfsg1-2,CVE-2017-12606,3.0,7.8
opencv,2.4.9.1+dfsg1-2,CVE-2017-12605,3.0,7.8
opencv,2.4.9.1+dfsg1-2,CVE-2017-12604,3.0,7.8
opencv,2.4.9.1+dfsg1-2,CVE-2017-12603,3.0,7.8
opencv,2.4.9.1+dfsg1-2,CVE-2017-12601,3.0,7.8
opencv,2.4.9.1+dfsg1-2,CVE-2017-12602,3.0,7.5
opencv,2.4.9.1+dfsg1-2,CVE-2017-12600,3.0,7.5
openexr,2.2.0-11+b1,CVE-2017-9115,3.0,8.8
openexr,2.2.0-11+b1,CVE-2017-9113,3.0,8.8
openexr,2.2.0-11+b1,CVE-2017-9111,3.0,8.8
openexr,2.2.0-11+b1,CVE-2017-12596,3.0,7.8
openexr,2.2.0-11+b1,CVE-2017-9116,3.0,6.5
openexr,2.2.0-11+b1,CVE-2017-9114,3.0,6.5
openexr,2.2.0-11+b1,CVE-2017-9112,3.0,6.5
openexr,2.2.0-11+b1,CVE-2017-9110,3.0,6.5
openexr,2.2.0-11+b1,CVE-2017-14988,3.0,5.5
openjpeg,2.1.2-1.1,CVE-2016-9580,3.0,8.8
openjpeg,2.1.2-1.1,CVE-2016-9581,3.0,8.8
openjpeg,2.1.2-1.1,CVE-2018-14423,3.0,7.5
openjpeg,2.1.2-1.1,CVE-2016-9114,3.0,7.5
openjpeg,2.1.2-1.1,CVE-2016-9113,3.0,7.5
openjpeg,2.1.2-1.1,CVE-2016-9112,3.0,7.5
openjpeg,2.1.2-1.1,CVE-2016-10506,3.0,6.5
openjpeg,2.1.2-1.1,CVE-2016-10505,3.0,6.5
openjpeg,2.1.2-1.1,CVE-2016-10504,3.0,6.5
openjpeg,2.1.2-1.1,CVE-2016-9117,3.0,6.5
openjpeg,2.1.2-1.1,CVE-2016-9116,3.0,6.5
openjpeg,2.1.2-1.1,CVE-2016-9115,3.0,6.5
openjpeg,2.1.2-1.1,CVE-2016-9118,3.0,5.3
openjpeg,2.1.2-1.1+deb9u2,CVE-2016-9580,3.0,8.8
openjpeg,2.1.2-1.1+deb9u2,CVE-2016-9581,3.0,8.8
openjpeg,2.1.2-1.1+deb9u2,CVE-2018-14423,3.0,7.5
openjpeg,2.1.2-1.1+deb9u2,CVE-2016-9114,3.0,7.5
openjpeg,2.1.2-1.1+deb9u2,CVE-2016-9113,3.0,7.5
openjpeg,2.1.2-1.1+deb9u2,CVE-2016-9112,3.0,7.5
openjpeg,2.1.2-1.1+deb9u2,CVE-2016-10506,3.0,6.5
openjpeg,2.1.2-1.1+deb9u2,CVE-2016-10505,3.0,6.5
openjpeg,2.1.2-1.1+deb9u2,CVE-2016-9117,3.0,6.5
openjpeg,2.1.2-1.1+deb9u2,CVE-2016-9116,3.0,6.5
openjpeg,2.1.2-1.1+deb9u2,CVE-2016-9115,3.0,6.5
openldap,2.4.44+dfsg-5+deb9u2,CVE-2017-17740,3.0,7.5
openldap,2.4.44+dfsg-5+deb9u2,CVE-2017-14159,3.0,4.7
openldap,2.4.44+dfsg-8,CVE-2017-17740,3.0,7.5
openldap,2.4.44+dfsg-8,CVE-2017-14159,3.0,4.7
openldap,2.4.44+dfsg-8+b2,CVE-2017-17740,3.0,7.5
openldap,2.4.44+dfsg-8+b2,CVE-2017-14159,3.0,4.7
openssl,0.9.8za,CVE-2015-1789,3.0,7.5
openssl,0.9.8za,CVE-2014-3567,2.0,7.1
openssl,0.9.8za,CVE-2015-1791,2.0,6.8
openssl,0.9.8za,CVE-2015-0209,2.0,6.8
openssl,0.9.8za,CVE-2014-3566,3.0,6.8
openssl,0.9.8za,CVE-2016-0704,3.0,5.9
openssl,0.9.8za,CVE-2016-0703,3.0,5.9
openssl,0.9.8za,CVE-2017-3735,3.0,5.3
openssl,0.9.8za,CVE-2015-1792,2.0,5.0
openssl,0.9.8za,CVE-2015-1790,2.0,5.0
openssl,0.9.8za,CVE-2015-0293,2.0,5.0
openssl,0.9.8za,CVE-2015-0289,2.0,5.0
openssl,0.9.8za,CVE-2015-0288,2.0,5.0
openssl,0.9.8za,CVE-2015-0287,2.0,5.0
openssl,0.9.8za,CVE-2015-0286,2.0,5.0
openssl,0.9.8za,CVE-2014-8275,2.0,5.0
openssl,0.9.8za,CVE-2014-3572,2.0,5.0
openssl,0.9.8za,CVE-2014-3571,2.0,5.0
openssl,0.9.8za,CVE-2014-3570,2.0,5.0
openssl,0.9.8za,CVE-2014-3507,2.0,5.0
openssl,0.9.8za,CVE-2014-3506,2.0,5.0
openssl,0.9.8za,CVE-2014-3505,2.0,5.0
openssl,0.9.8za,CVE-2015-1788,2.0,4.3
openssl,0.9.8za,CVE-2015-0204,2.0,4.3
openssl,0.9.8za,CVE-2014-3568,2.0,4.3
openssl,0.9.8za,CVE-2014-3510,2.0,4.3
openssl,0.9.8za,CVE-2014-3508,2.0,4.3
openssl,1.0.1e,CVE-2016-6303,3.0,9.8
openssl,1.0.1e,CVE-2016-2182,3.0,9.8
openssl,1.0.1e,CVE-2016-2177,3.0,9.8
openssl,1.0.1e,CVE-2016-2108,3.0,9.8
openssl,1.0.1e,CVE-2016-2842,3.0,9.8
openssl,1.0.1e,CVE-2016-0799,3.0,9.8
openssl,1.0.1e,CVE-2016-0705,3.0,9.8
openssl,1.0.1e,CVE-2016-2176,3.0,8.2
openssl,1.0.1e,CVE-2016-6304,3.0,7.5
openssl,1.0.1e,CVE-2016-6302,3.0,7.5
openssl,1.0.1e,CVE-2016-2181,3.0,7.5
openssl,1.0.1e,CVE-2016-2179,3.0,7.5
openssl,1.0.1e,CVE-2016-2183,3.0,7.5
openssl,1.0.1e,CVE-2016-2180,3.0,7.5
openssl,1.0.1e,CVE-2016-2109,3.0,7.5
openssl,1.0.1e,CVE-2016-2106,3.0,7.5
openssl,1.0.1e,CVE-2016-2105,3.0,7.5
openssl,1.0.1e,CVE-2016-0798,3.0,7.5
openssl,1.0.1e,CVE-2016-0797,3.0,7.5
openssl,1.0.1e,CVE-2015-3194,3.0,7.5
openssl,1.0.1e,CVE-2015-1789,3.0,7.5
openssl,1.0.1e,CVE-2014-8176,2.0,7.5
openssl,1.0.1e,CVE-2015-0292,2.0,7.5
openssl,1.0.1e,CVE-2014-3512,2.0,7.5
openssl,1.0.1e,CVE-2014-3567,2.0,7.1
openssl,1.0.1e,CVE-2014-3513,2.0,7.1
openssl,1.0.1e,CVE-2015-1791,2.0,6.8
openssl,1.0.1e,CVE-2015-0209,2.0,6.8
openssl,1.0.1e,CVE-2014-3566,3.0,6.8
openssl,1.0.1e,CVE-2014-3509,2.0,6.8
openssl,1.0.1e,CVE-2014-0224,2.0,6.8
openssl,1.0.1e,CVE-2014-0195,2.0,6.8
openssl,1.0.1e,CVE-2016-6306,3.0,5.9
openssl,1.0.1e,CVE-2016-2107,3.0,5.9
openssl,1.0.1e,CVE-2016-0800,3.0,5.9
openssl,1.0.1e,CVE-2016-0704,3.0,5.9
openssl,1.0.1e,CVE-2016-0703,3.0,5.9
openssl,1.0.1e,CVE-2015-3197,3.0,5.9
openssl,1.0.1e,CVE-2013-6450,2.0,5.8
openssl,1.0.1e,CVE-2016-2178,3.0,5.5
openssl,1.0.1e,CVE-2017-3735,3.0,5.3
openssl,1.0.1e,CVE-2015-3195,3.0,5.3
openssl,1.0.1e,CVE-2016-0702,3.0,5.1
openssl,1.0.1e,CVE-2015-1792,2.0,5.0
openssl,1.0.1e,CVE-2015-1790,2.0,5.0
openssl,1.0.1e,CVE-2015-0293,2.0,5.0
openssl,1.0.1e,CVE-2015-0289,2.0,5.0
openssl,1.0.1e,CVE-2015-0288,2.0,5.0
openssl,1.0.1e,CVE-2015-0287,2.0,5.0
openssl,1.0.1e,CVE-2015-0286,2.0,5.0
openssl,1.0.1e,CVE-2015-0206,2.0,5.0
openssl,1.0.1e,CVE-2015-0205,2.0,5.0
openssl,1.0.1e,CVE-2014-8275,2.0,5.0
openssl,1.0.1e,CVE-2014-3572,2.0,5.0
openssl,1.0.1e,CVE-2014-3571,2.0,5.0
openssl,1.0.1e,CVE-2014-3570,2.0,5.0
openssl,1.0.1e,CVE-2014-3507,2.0,5.0
openssl,1.0.1e,CVE-2014-3506,2.0,5.0
openssl,1.0.1e,CVE-2014-3505,2.0,5.0
openssl,1.0.1e,CVE-2014-0160,2.0,5.0
openssl,1.0.1e,CVE-2015-3196,2.0,4.3
openssl,1.0.1e,CVE-2015-1788,2.0,4.3
openssl,1.0.1e,CVE-2015-0204,2.0,4.3
openssl,1.0.1e,CVE-2014-3568,2.0,4.3
openssl,1.0.1e,CVE-2014-5139,2.0,4.3
openssl,1.0.1e,CVE-2014-3511,2.0,4.3
openssl,1.0.1e,CVE-2014-3510,2.0,4.3
openssl,1.0.1e,CVE-2014-3508,2.0,4.3
openssl,1.0.1e,CVE-2014-3470,2.0,4.3
openssl,1.0.1e,CVE-2014-0221,2.0,4.3
openssl,1.0.1e,CVE-2014-0198,2.0,4.3
openssl,1.0.1e,CVE-2013-4353,2.0,4.3
openssl,1.0.1e,CVE-2013-6449,2.0,4.3
openssl,1.0.1e,CVE-2010-5298,2.0,4.0
openssl,1.0.1e,CVE-2015-4000,3.0,3.7
openssl,1.0.1j,CVE-2016-6303,3.0,9.8
openssl,1.0.1j,CVE-2016-2182,3.0,9.8
openssl,1.0.1j,CVE-2016-2177,3.0,9.8
openssl,1.0.1j,CVE-2016-2108,3.0,9.8
openssl,1.0.1j,CVE-2016-2842,3.0,9.8
openssl,1.0.1j,CVE-2016-0799,3.0,9.8
openssl,1.0.1j,CVE-2016-0705,3.0,9.8
openssl,1.0.1j,CVE-2016-2176,3.0,8.2
openssl,1.0.1j,CVE-2016-6304,3.0,7.5
openssl,1.0.1j,CVE-2016-6302,3.0,7.5
openssl,1.0.1j,CVE-2016-2181,3.0,7.5
openssl,1.0.1j,CVE-2016-2179,3.0,7.5
openssl,1.0.1j,CVE-2016-2183,3.0,7.5
openssl,1.0.1j,CVE-2016-2180,3.0,7.5
openssl,1.0.1j,CVE-2016-2109,3.0,7.5
openssl,1.0.1j,CVE-2016-2106,3.0,7.5
openssl,1.0.1j,CVE-2016-2105,3.0,7.5
openssl,1.0.1j,CVE-2016-0798,3.0,7.5
openssl,1.0.1j,CVE-2016-0797,3.0,7.5
openssl,1.0.1j,CVE-2015-3194,3.0,7.5
openssl,1.0.1j,CVE-2015-1789,3.0,7.5
openssl,1.0.1j,CVE-2015-1791,2.0,6.8
openssl,1.0.1j,CVE-2015-0209,2.0,6.8
openssl,1.0.1j,CVE-2016-6306,3.0,5.9
openssl,1.0.1j,CVE-2016-2107,3.0,5.9
openssl,1.0.1j,CVE-2016-0800,3.0,5.9
openssl,1.0.1j,CVE-2016-0704,3.0,5.9
openssl,1.0.1j,CVE-2016-0703,3.0,5.9
openssl,1.0.1j,CVE-2015-3197,3.0,5.9
openssl,1.0.1j,CVE-2016-2178,3.0,5.5
openssl,1.0.1j,CVE-2017-3735,3.0,5.3
openssl,1.0.1j,CVE-2015-3195,3.0,5.3
openssl,1.0.1j,CVE-2016-0702,3.0,5.1
openssl,1.0.1j,CVE-2015-1792,2.0,5.0
openssl,1.0.1j,CVE-2015-1790,2.0,5.0
openssl,1.0.1j,CVE-2015-0293,2.0,5.0
openssl,1.0.1j,CVE-2015-0289,2.0,5.0
openssl,1.0.1j,CVE-2015-0288,2.0,5.0
openssl,1.0.1j,CVE-2015-0287,2.0,5.0
openssl,1.0.1j,CVE-2015-0286,2.0,5.0
openssl,1.0.1j,CVE-2015-0206,2.0,5.0
openssl,1.0.1j,CVE-2015-0205,2.0,5.0
openssl,1.0.1j,CVE-2014-8275,2.0,5.0
openssl,1.0.1j,CVE-2014-3572,2.0,5.0
openssl,1.0.1j,CVE-2014-3571,2.0,5.0
openssl,1.0.1j,CVE-2014-3570,2.0,5.0
openssl,1.0.1j,CVE-2014-3569,2.0,5.0
openssl,1.0.1j,CVE-2015-3196,2.0,4.3
openssl,1.0.1j,CVE-2015-1788,2.0,4.3
openssl,1.0.1j,CVE-2015-0204,2.0,4.3
openssl,1.0.1j,CVE-2015-4000,3.0,3.7
openssl,1.0.2d-1,CVE-2016-6303,3.0,9.8
openssl,1.0.2d-1,CVE-2016-2182,3.0,9.8
openssl,1.0.2d-1,CVE-2016-2177,3.0,9.8
openssl,1.0.2d-1,CVE-2016-2842,3.0,9.8
openssl,1.0.2d-1,CVE-2016-0799,3.0,9.8
openssl,1.0.2d-1,CVE-2016-0705,3.0,9.8
openssl,1.0.2d-1,CVE-2016-2176,3.0,8.2
openssl,1.0.2d-1,CVE-2018-0732,3.0,7.5
openssl,1.0.2d-1,CVE-2016-8610,3.0,7.5
openssl,1.0.2d-1,CVE-2017-3731,3.0,7.5
openssl,1.0.2d-1,CVE-2016-6304,3.0,7.5
openssl,1.0.2d-1,CVE-2016-6302,3.0,7.5
openssl,1.0.2d-1,CVE-2016-2181,3.0,7.5
openssl,1.0.2d-1,CVE-2016-2179,3.0,7.5
openssl,1.0.2d-1,CVE-2016-2183,3.0,7.5
openssl,1.0.2d-1,CVE-2016-2180,3.0,7.5
openssl,1.0.2d-1,CVE-2016-2109,3.0,7.5
openssl,1.0.2d-1,CVE-2016-2106,3.0,7.5
openssl,1.0.2d-1,CVE-2016-2105,3.0,7.5
openssl,1.0.2d-1,CVE-2016-0798,3.0,7.5
openssl,1.0.2d-1,CVE-2016-0797,3.0,7.5
openssl,1.0.2d-1,CVE-2015-3194,3.0,7.5
openssl,1.0.2d-1,CVE-2018-0739,3.0,6.5
openssl,1.0.2d-1,CVE-2017-3736,3.0,6.5
openssl,1.0.2d-1,CVE-2018-0737,3.0,5.9
openssl,1.0.2d-1,CVE-2017-3738,3.0,5.9
openssl,1.0.2d-1,CVE-2017-3737,3.0,5.9
openssl,1.0.2d-1,CVE-2017-3732,3.0,5.9
openssl,1.0.2d-1,CVE-2016-6306,3.0,5.9
openssl,1.0.2d-1,CVE-2016-2107,3.0,5.9
openssl,1.0.2d-1,CVE-2016-2178,3.0,5.5
openssl,1.0.2d-1,CVE-2017-3735,3.0,5.3
openssl,1.0.2d-1,CVE-2015-3195,3.0,5.3
openssl,1.0.2d-1,CVE-2016-0702,3.0,5.1
openssl,1.0.2d-1,CVE-2015-3193,2.0,5.0
openssl,1.0.2d-1,CVE-2015-1794,2.0,5.0
openssl,1.0.2d-1,CVE-2016-0701,3.0,3.7
openssl,1.0.2f,CVE-2016-6303,3.0,9.8
openssl,1.0.2f,CVE-2016-2182,3.0,9.8
openssl,1.0.2f,CVE-2016-2177,3.0,9.8
openssl,1.0.2f,CVE-2016-2842,3.0,9.8
openssl,1.0.2f,CVE-2016-0799,3.0,9.8
openssl,1.0.2f,CVE-2016-0705,3.0,9.8
openssl,1.0.2f,CVE-2016-2176,3.0,8.2
openssl,1.0.2f,CVE-2018-0732,3.0,7.5
openssl,1.0.2f,CVE-2016-8610,3.0,7.5
openssl,1.0.2f,CVE-2017-3731,3.0,7.5
openssl,1.0.2f,CVE-2016-6304,3.0,7.5
openssl,1.0.2f,CVE-2016-6302,3.0,7.5
openssl,1.0.2f,CVE-2016-2181,3.0,7.5
openssl,1.0.2f,CVE-2016-2179,3.0,7.5
openssl,1.0.2f,CVE-2016-2183,3.0,7.5
openssl,1.0.2f,CVE-2016-2180,3.0,7.5
openssl,1.0.2f,CVE-2016-2109,3.0,7.5
openssl,1.0.2f,CVE-2016-2106,3.0,7.5
openssl,1.0.2f,CVE-2016-2105,3.0,7.5
openssl,1.0.2f,CVE-2016-0798,3.0,7.5
openssl,1.0.2f,CVE-2016-0797,3.0,7.5
openssl,1.0.2f,CVE-2018-0739,3.0,6.5
openssl,1.0.2f,CVE-2017-3736,3.0,6.5
openssl,1.0.2f,CVE-2018-0737,3.0,5.9
openssl,1.0.2f,CVE-2017-3738,3.0,5.9
openssl,1.0.2f,CVE-2017-3737,3.0,5.9
openssl,1.0.2f,CVE-2017-3732,3.0,5.9
openssl,1.0.2f,CVE-2016-6306,3.0,5.9
openssl,1.0.2f,CVE-2016-2107,3.0,5.9
openssl,1.0.2f,CVE-2016-0800,3.0,5.9
openssl,1.0.2f,CVE-2016-2178,3.0,5.5
openssl,1.0.2f,CVE-2017-3735,3.0,5.3
openssl,1.0.2f,CVE-2016-0702,3.0,5.1
openssl,1.0.2h,CVE-2016-6303,3.0,9.8
openssl,1.0.2h,CVE-2016-2182,3.0,9.8
openssl,1.0.2h,CVE-2016-2177,3.0,9.8
openssl,1.0.2h,CVE-2018-0732,3.0,7.5
openssl,1.0.2h,CVE-2016-8610,3.0,7.5
openssl,1.0.2h,CVE-2017-3731,3.0,7.5
openssl,1.0.2h,CVE-2016-6304,3.0,7.5
openssl,1.0.2h,CVE-2016-6302,3.0,7.5
openssl,1.0.2h,CVE-2016-2181,3.0,7.5
openssl,1.0.2h,CVE-2016-2179,3.0,7.5
openssl,1.0.2h,CVE-2016-2183,3.0,7.5
openssl,1.0.2h,CVE-2016-2180,3.0,7.5
openssl,1.0.2h,CVE-2018-0739,3.0,6.5
openssl,1.0.2h,CVE-2017-3736,3.0,6.5
openssl,1.0.2h,CVE-2018-0737,3.0,5.9
openssl,1.0.2h,CVE-2017-3738,3.0,5.9
openssl,1.0.2h,CVE-2017-3737,3.0,5.9
openssl,1.0.2h,CVE-2017-3732,3.0,5.9
openssl,1.0.2h,CVE-2016-6306,3.0,5.9
openssl,1.0.2h,CVE-2016-2178,3.0,5.5
openssl,1.0.2h,CVE-2017-3735,3.0,5.3
openssl,1.0.2l,CVE-2018-0732,3.0,7.5
openssl,1.0.2l,CVE-2018-0739,3.0,6.5
openssl,1.0.2l,CVE-2017-3736,3.0,6.5
openssl,1.0.2l,CVE-2018-0737,3.0,5.9
openssl,1.0.2l,CVE-2017-3738,3.0,5.9
openssl,1.0.2l,CVE-2017-3737,3.0,5.9
openssl,1.0.2l,CVE-2017-3735,3.0,5.3
openssl,1.0.2l-2,CVE-2018-0732,3.0,7.5
openssl,1.0.2l-2,CVE-2018-0739,3.0,6.5
openssl,1.0.2l-2,CVE-2017-3736,3.0,6.5
openssl,1.0.2l-2,CVE-2018-0737,3.0,5.9
openssl,1.0.2l-2,CVE-2017-3738,3.0,5.9
openssl,1.0.2l-2,CVE-2017-3737,3.0,5.9
openssl,1.0.2l-2,CVE-2017-3735,3.0,5.3
openssl,1.0.2l-2+deb9u1,CVE-2018-0732,3.0,7.5
openssl,1.0.2l-2+deb9u1,CVE-2018-0739,3.0,6.5
openssl,1.0.2l-2+deb9u1,CVE-2018-0737,3.0,5.9
openssl,1.0.2m,CVE-2018-0732,3.0,7.5
openssl,1.0.2m,CVE-2018-0739,3.0,6.5
openssl,1.0.2m,CVE-2018-0737,3.0,5.9
openssl,1.0.2m,CVE-2017-3738,3.0,5.9
openssl,1.0.2m,CVE-2017-3737,3.0,5.9
openssl,1.1.0f-3,CVE-2018-0732,3.0,7.5
openssl,1.1.0f-3,CVE-2018-0739,3.0,6.5
openssl,1.1.0f-3,CVE-2017-3736,3.0,6.5
openssl,1.1.0f-3,CVE-2018-0737,3.0,5.9
openssl,1.1.0f-3,CVE-2018-0733,3.0,5.9
openssl,1.1.0f-3,CVE-2017-3738,3.0,5.9
openssl,1.1.0f-3,CVE-2017-3735,3.0,5.3
openssl,1.1.0f-3+deb9u1,CVE-2018-0732,3.0,7.5
openssl,1.1.0f-3+deb9u1,CVE-2018-0739,3.0,6.5
openssl,1.1.0f-3+deb9u1,CVE-2018-0737,3.0,5.9
openvpn,2.4.0-6+deb9u2,CVE-2018-7544,3.0,9.1
openvpn,2.4.0-6+deb9u2,CVE-2017-12166,3.0,8.1
openvpn,2.4.0-6+deb9u2,CVE-2017-7522,3.0,6.5
p7zip,16.02+dfsg-3+deb9u1,CVE-2018-5996,3.0,7.8
p7zip,16.02+dfsg-4,CVE-2018-5996,3.0,7.8
patch,2.7.5-1+deb9u1,CVE-2018-6952,3.0,7.5
patch,2.7.5-1+deb9u1,CVE-2018-6951,3.0,7.5
patch,2.7.5-1+deb9u1,CVE-2016-10713,3.0,5.5
perl,5.26.0-4,CVE-2018-6913,3.0,9.8
perl,5.26.0-4,CVE-2018-6797,3.0,9.8
perl,5.26.0-4,CVE-2017-12883,3.0,9.1
perl,5.26.0-4,CVE-2018-12015,3.0,7.5
perl,5.26.0-4,CVE-2018-6798,3.0,7.5
perl,5.26.0-4,CVE-2017-12837,3.0,7.5
poppler,0.48.0-2,CVE-2017-9776,3.0,7.8
poppler,0.48.0-2,CVE-2018-19149,3.0,6.5
poppler,0.48.0-2,CVE-2018-13988,3.0,6.5
poppler,0.48.0-2,CVE-2017-18267,3.0,5.5
poppler,0.48.0-2,CVE-2017-9775,3.0,5.5
poppler,0.48.0-2,CVE-2017-7515,3.0,5.5
poppler,0.48.0-2,CVE-2017-7511,3.0,5.5
poppler,0.48.0-2+deb9u2,CVE-2018-19149,3.0,6.5
poppler,0.48.0-2+deb9u2,CVE-2018-13988,3.0,6.5
poppler,0.48.0-2+deb9u2,CVE-2017-18267,3.0,5.5
poppler,0.48.0-2+deb9u2,CVE-2017-7515,3.0,5.5
poppler,0.48.0-2+deb9u2,CVE-2017-7511,3.0,5.5
procps,3.3.10-4+b1,CVE-2018-1121,3.0,5.9
procps,3.3.11-3,CVE-2018-1121,3.0,5.9
procps,3.3.12-3,CVE-2018-1121,3.0,5.9
procps,3.3.12-3+deb9u1,CVE-2018-1121,3.0,5.9
protobuf,3.0.0-9,CVE-2015-5237,3.0,8.8
python,2.7.13-2+deb9u3,CVE-2018-1000030,3.0,8.1
python,2.7.13-4,CVE-2017-1000158,3.0,9.8
python,2.7.13-4,CVE-2018-1000030,3.0,8.1
python,2.7.13-4,CVE-2018-14647,3.0,7.5
python,2.7.13-4,CVE-2018-1061,3.0,7.5
python,2.7.13-4,CVE-2018-1060,3.0,7.5
python,2.7.13-4,CVE-2014-4616,3.0,5.9
python,3.5.4~rc1-1,CVE-2018-1061,3.0,7.5
python,3.5.4~rc1-1,CVE-2018-1060,3.0,7.5
qpdf,6.0.0-2,CVE-2018-9918,3.0,7.8
qpdf,6.0.0-2,CVE-2017-12595,3.0,7.8
qpdf,6.0.0-2,CVE-2017-18186,3.0,5.5
qpdf,6.0.0-2,CVE-2017-18185,3.0,5.5
qpdf,6.0.0-2,CVE-2017-18184,3.0,5.5
qpdf,6.0.0-2,CVE-2017-18183,3.0,5.5
qpdf,6.0.0-2,CVE-2015-9252,3.0,5.5
qpdf,6.0.0-2,CVE-2017-11627,3.0,5.5
qpdf,6.0.0-2,CVE-2017-11626,3.0,5.5
qpdf,6.0.0-2,CVE-2017-11625,3.0,5.5
qpdf,6.0.0-2,CVE-2017-11624,3.0,5.5
qpdf,6.0.0-2,CVE-2017-9210,3.0,5.5
qpdf,6.0.0-2,CVE-2017-9209,3.0,5.5
qpdf,6.0.0-2,CVE-2017-9208,3.0,5.5
qt,4.8.7+dfsg-11,CVE-2017-10904,3.0,9.8
qt,4.8.7+dfsg-11,CVE-2015-1290,3.0,8.8
qt,4.8.7+dfsg-11,CVE-2017-10905,3.0,5.3
qt,5.7+dfsg-5,CVE-2017-10904,3.0,9.8
qt,5.7+dfsg-5,CVE-2017-15011,3.0,7.5
qt,5.7+dfsg-5,CVE-2017-10905,3.0,5.3
readline,5.2+dfsg-3+b1,CVE-2014-2524,2.0,3.3
rpm,4.12.0.2+dfsg1-2,CVE-2017-7501,3.0,7.8
rsync,3.1.2-1+deb9u1,CVE-2018-5764,3.0,7.5
rsync,3.1.2-2,CVE-2017-17434,3.0,9.8
rsync,3.1.2-2,CVE-2017-17433,3.0,9.8
rsync,3.1.2-2,CVE-2017-16548,3.0,9.8
rsync,3.1.2-2,CVE-2017-15994,3.0,9.8
rsync,3.1.2-2,CVE-2018-5764,3.0,7.5
samba,4.6.5+dfsg-8deepin,CVE-2017-14746,3.0,9.8
samba,4.6.5+dfsg-8deepin,CVE-2017-15275,3.0,7.5
samba,4.6.5+dfsg-8deepin,CVE-2017-12151,3.0,7.4
samba,4.6.5+dfsg-8deepin,CVE-2017-12150,3.0,7.4
samba,4.6.5+dfsg-8deepin,CVE-2017-12163,3.0,7.1
sensible-utils,0.0.9+deb9u1,CVE-2017-17512,3.0,8.8
sensible-utils,0.0.9+nmu1,CVE-2017-17512,3.0,8.8
shadow,4.4-4.1,CVE-2017-12424,3.0,9.8
shadow,4.5-1,CVE-2018-7169,3.0,5.3
soundtouch,1.9.2-2+deb9u1,CVE-2018-1000223,3.0,8.8
sqlite3,3.14.1,CVE-2017-10989,3.0,9.8
sqlite3,3.14.1,CVE-2018-8740,3.0,7.5
sqlite3,3.14.3,CVE-2017-10989,3.0,9.8
sqlite3,3.14.3,CVE-2018-8740,3.0,7.5
sqlite3,3.15.0,CVE-2017-10989,3.0,9.8
sqlite3,3.15.0,CVE-2018-8740,3.0,7.5
sqlite3,3.16.2,CVE-2017-10989,3.0,9.8
sqlite3,3.16.2,CVE-2018-8740,3.0,7.5
sqlite3,3.16.2-5+deb9u1,CVE-2018-8740,3.0,7.5
sqlite3,3.17.0,CVE-2017-10989,3.0,9.8
sqlite3,3.17.0,CVE-2018-8740,3.0,7.5
sqlite3,3.21.0,CVE-2018-8740,3.0,7.5
sqlite3,3.21.0-1,CVE-2018-8740,3.0,7.5
sqlite3,3.22.0,CVE-2018-8740,3.0,7.5
sqlite3,3.6.18,CVE-2017-10989,3.0,9.8
sqlite3,3.6.18,CVE-2018-8740,3.0,7.5
sqlite3,3.6.18,CVE-2015-3416,2.0,7.5
sqlite3,3.6.18,CVE-2015-3415,2.0,7.5
sqlite3,3.6.18,CVE-2015-3414,2.0,7.5
sqlite3,3.6.18,CVE-2016-6153,3.0,5.9
sqlite3,3.7.16.1,CVE-2017-10989,3.0,9.8
sqlite3,3.7.16.1,CVE-2018-8740,3.0,7.5
sqlite3,3.7.16.1,CVE-2015-3416,2.0,7.5
sqlite3,3.7.16.1,CVE-2015-3415,2.0,7.5
sqlite3,3.7.16.1,CVE-2015-3414,2.0,7.5
sqlite3,3.7.16.1,CVE-2016-6153,3.0,5.9
sqlite3,3.7.6.3,CVE-2017-10989,3.0,9.8
sqlite3,3.7.6.3,CVE-2018-8740,3.0,7.5
sqlite3,3.7.6.3,CVE-2015-3416,2.0,7.5
sqlite3,3.7.6.3,CVE-2015-3415,2.0,7.5
sqlite3,3.7.6.3,CVE-2015-3414,2.0,7.5
sqlite3,3.7.6.3,CVE-2016-6153,3.0,5.9
sqlite3,3.8.8.1,CVE-2017-10989,3.0,9.8
sqlite3,3.8.8.1,CVE-2018-8740,3.0,7.5
sqlite3,3.8.8.1,CVE-2015-3416,2.0,7.5
sqlite3,3.8.8.1,CVE-2015-3415,2.0,7.5
sqlite3,3.8.8.1,CVE-2015-3414,2.0,7.5
sqlite3,3.8.8.1,CVE-2016-6153,3.0,5.9
systemd,232-25+deb9u6,CVE-2017-18078,3.0,7.8
systemd,232-25+deb9u6,CVE-2018-1049,3.0,5.9
systemd,234-2,CVE-2018-6954,3.0,7.8
systemd,234-2,CVE-2017-18078,3.0,7.8
systemd,234-2,CVE-2017-15908,3.0,7.5
taglib,1.11.1+dfsg.1-0.1,CVE-2018-11439,3.0,6.5
unixodbc,2.3.4-1,CVE-2018-7409,3.0,9.8
util-linux,2.29.2-2,CVE-2018-7738,3.0,7.8
util-linux,2.29.2-2,CVE-2017-2616,3.0,4.7
v8,3.19.18.20,CVE-2015-8548,2.0,10.0
v8,3.19.18.20,CVE-2014-3188,2.0,10.0
v8,3.19.18.20,CVE-2014-3176,2.0,10.0
v8,3.19.18.20,CVE-2014-1704,2.0,10.0
v8,3.19.18.20,CVE-2016-2843,3.0,9.8
v8,3.19.18.20,CVE-2016-1629,3.0,9.8
v8,3.19.18.20,CVE-2016-2051,3.0,9.8
v8,3.19.18.20,CVE-2017-5053,3.0,9.6
v8,3.19.18.20,CVE-2018-16065,3.0,8.8
v8,3.19.18.20,CVE-2017-15413,3.0,8.8
v8,3.19.18.20,CVE-2017-15406,3.0,8.8
v8,3.19.18.20,CVE-2017-15399,3.0,8.8
v8,3.19.18.20,CVE-2017-5132,3.0,8.8
v8,3.19.18.20,CVE-2015-1290,3.0,8.8
v8,3.19.18.20,CVE-2017-5122,3.0,8.8
v8,3.19.18.20,CVE-2017-5121,3.0,8.8
v8,3.19.18.20,CVE-2017-5116,3.0,8.8
v8,3.19.18.20,CVE-2017-5115,3.0,8.8
v8,3.19.18.20,CVE-2017-5098,3.0,8.8
v8,3.19.18.20,CVE-2017-5088,3.0,8.8
v8,3.19.18.20,CVE-2017-5070,3.0,8.8
v8,3.19.18.20,CVE-2017-5054,3.0,8.8
v8,3.19.18.20,CVE-2016-5177,3.0,8.8
v8,3.19.18.20,CVE-2017-5030,3.0,8.8
v8,3.19.18.20,CVE-2017-5012,3.0,8.8
v8,3.19.18.20,CVE-2016-5213,3.0,8.8
v8,3.19.18.20,CVE-2016-5200,3.0,8.8
v8,3.19.18.20,CVE-2016-5198,3.0,8.8
v8,3.19.18.20,CVE-2016-5170,3.0,8.8
v8,3.19.18.20,CVE-2016-5150,3.0,8.8
v8,3.19.18.20,CVE-2016-5145,3.0,8.8
v8,3.19.18.20,CVE-2016-5129,3.0,8.8
v8,3.19.18.20,CVE-2016-5128,3.0,8.8
v8,3.19.18.20,CVE-2016-1679,3.0,8.8
v8,3.19.18.20,CVE-2016-1678,3.0,8.8
v8,3.19.18.20,CVE-2016-1669,3.0,8.8
v8,3.19.18.20,CVE-2016-1668,3.0,8.8
v8,3.19.18.20,CVE-2016-1663,3.0,8.8
v8,3.19.18.20,CVE-2016-1653,3.0,8.8
v8,3.19.18.20,CVE-2016-3679,3.0,8.8
v8,3.19.18.20,CVE-2016-1646,3.0,8.8
v8,3.19.18.20,CVE-2014-1730,2.0,7.8
v8,3.19.18.20,CVE-2016-1612,3.0,7.6
v8,3.19.18.20,CVE-2015-8478,2.0,7.5
v8,3.19.18.20,CVE-2015-6771,2.0,7.5
v8,3.19.18.20,CVE-2015-6769,2.0,7.5
v8,3.19.18.20,CVE-2015-6764,2.0,7.5
v8,3.19.18.20,CVE-2015-7834,2.0,7.5
v8,3.19.18.20,CVE-2015-1304,2.0,7.5
v8,3.19.18.20,CVE-2015-1303,2.0,7.5
v8,3.19.18.20,CVE-2015-6580,2.0,7.5
v8,3.19.18.20,CVE-2015-3910,2.0,7.5
v8,3.19.18.20,CVE-2015-3333,2.0,7.5
v8,3.19.18.20,CVE-2015-1242,2.0,7.5
v8,3.19.18.20,CVE-2015-1233,2.0,7.5
v8,3.19.18.20,CVE-2015-2238,2.0,7.5
v8,3.19.18.20,CVE-2015-1230,2.0,7.5
v8,3.19.18.20,CVE-2015-1217,2.0,7.5
v8,3.19.18.20,CVE-2015-1216,2.0,7.5
v8,3.19.18.20,CVE-2015-1346,2.0,7.5
v8,3.19.18.20,CVE-2014-7931,2.0,7.5
v8,3.19.18.20,CVE-2014-7928,2.0,7.5
v8,3.19.18.20,CVE-2014-7927,2.0,7.5
v8,3.19.18.20,CVE-2014-7967,2.0,7.5
v8,3.19.18.20,CVE-2014-3171,2.0,7.5
v8,3.19.18.20,CVE-2014-3152,2.0,7.5
v8,3.19.18.20,CVE-2014-1735,2.0,7.5
v8,3.19.18.20,CVE-2014-1721,2.0,7.5
v8,3.19.18.20,CVE-2014-1717,2.0,7.5
v8,3.19.18.20,CVE-2014-1716,2.0,7.5
v8,3.19.18.20,CVE-2013-6668,2.0,7.5
v8,3.19.18.20,CVE-2013-6640,2.0,7.5
v8,3.19.18.20,CVE-2013-6639,2.0,7.5
v8,3.19.18.20,CVE-2013-6638,2.0,7.5
v8,3.19.18.20,CVE-2018-6036,3.0,6.5
v8,3.19.18.20,CVE-2017-15422,3.0,6.5
v8,3.19.18.20,CVE-2017-15396,3.0,6.5
v8,3.19.18.20,CVE-2016-5172,3.0,6.5
v8,3.19.18.20,CVE-2016-1688,3.0,6.5
v8,3.19.18.20,CVE-2016-1677,3.0,6.5
v8,3.19.18.20,CVE-2016-1665,3.0,6.5
v8,3.19.18.20,CVE-2017-5071,3.0,6.3
v8,3.19.18.20,CVE-2016-5219,3.0,6.3
v8,3.19.18.20,CVE-2017-15429,3.0,6.1
v8,3.19.18.20,CVE-2016-5181,3.0,6.1
v8,3.19.18.20,CVE-2015-5605,2.0,5.0
v8,3.19.18.20,CVE-2015-1268,2.0,5.0
v8,3.19.18.20,CVE-2015-1267,2.0,5.0
v8,3.19.18.20,CVE-2014-3195,2.0,5.0
v8,3.19.18.20,CVE-2017-15392,3.0,4.3
v8,3.19.18.20,CVE-2017-5046,3.0,4.3
v8,3.19.18.20,CVE-2017-5040,3.0,4.3
v8,3.19.18.20,CVE-2015-1286,2.0,4.3
v8,3.19.18.20,CVE-2015-1281,2.0,4.3
v8,3.19.18.20,CVE-2014-7939,2.0,4.3
v8,5.9.211.38,CVE-2018-16065,3.0,8.8
v8,5.9.211.38,CVE-2017-15413,3.0,8.8
v8,5.9.211.38,CVE-2017-15406,3.0,8.8
v8,5.9.211.38,CVE-2017-15399,3.0,8.8
v8,5.9.211.38,CVE-2017-5132,3.0,8.8
v8,5.9.211.38,CVE-2017-5122,3.0,8.8
v8,5.9.211.38,CVE-2017-5121,3.0,8.8
v8,5.9.211.38,CVE-2017-5116,3.0,8.8
v8,5.9.211.38,CVE-2017-5115,3.0,8.8
v8,5.9.211.38,CVE-2017-5098,3.0,8.8
v8,5.9.211.38,CVE-2018-6036,3.0,6.5
v8,5.9.211.38,CVE-2017-15422,3.0,6.5
v8,5.9.211.38,CVE-2017-15396,3.0,6.5
v8,5.9.211.38,CVE-2017-15429,3.0,6.1
v8,5.9.211.38,CVE-2017-15392,3.0,4.3
v8,6.0.286.52,CVE-2018-16065,3.0,8.8
v8,6.0.286.52,CVE-2017-15413,3.0,8.8
v8,6.0.286.52,CVE-2017-15406,3.0,8.8
v8,6.0.286.52,CVE-2017-15399,3.0,8.8
v8,6.0.286.52,CVE-2017-5132,3.0,8.8
v8,6.0.286.52,CVE-2017-5122,3.0,8.8
v8,6.0.286.52,CVE-2017-5121,3.0,8.8
v8,6.0.286.52,CVE-2017-5116,3.0,8.8
v8,6.0.286.52,CVE-2017-5115,3.0,8.8
v8,6.0.286.52,CVE-2018-6036,3.0,6.5
v8,6.0.286.52,CVE-2017-15422,3.0,6.5
v8,6.0.286.52,CVE-2017-15396,3.0,6.5
v8,6.0.286.52,CVE-2017-15429,3.0,6.1
v8,6.0.286.52,CVE-2017-15392,3.0,4.3
v8,6.5.254.41,CVE-2018-16065,3.0,8.8
vim,8.0.0197-4+deb9u1deepin,CVE-2017-6350,3.0,9.8
vim,8.0.0197-4+deb9u1deepin,CVE-2017-6349,3.0,9.8
vim,8.0.0197-4+deb9u1deepin,CVE-2017-17087,3.0,5.5
vim,8.0.0197-4+deb9u1deepin,CVE-2017-1000382,3.0,5.5
wavpack,5.1.0-2,CVE-2018-19841,3.0,5.5
wavpack,5.1.0-2,CVE-2018-19840,3.0,5.5
wget,1.19.1-4,CVE-2017-13090,3.0,8.8
wget,1.19.1-4,CVE-2017-13089,3.0,8.8
wget,1.19.1-4,CVE-2018-0494,3.0,6.5
wildmidi,0.4.0-2,CVE-2017-1000418,3.0,7.8
wpa_supplicant,2.4,CVE-2017-13084,3.0,6.8
wpa_supplicant,2.4,CVE-2018-14526,3.0,6.5
xdg-user-dirs,0.15-2+b1,CVE-2017-15131,3.0,7.8
xdg-utils,1.1.1-1+deb9u1,CVE-2017-18266,3.0,8.8
xorg-server,1.19.2-1+deb9u5deepin,CVE-2017-12187,3.0,9.8
xorg-server,1.19.2-1+deb9u5deepin,CVE-2017-12186,3.0,9.8
xorg-server,1.19.2-1+deb9u5deepin,CVE-2017-12185,3.0,9.8
xorg-server,1.19.2-1+deb9u5deepin,CVE-2017-12184,3.0,9.8
xorg-server,1.19.2-1+deb9u5deepin,CVE-2017-12183,3.0,9.8
xorg-server,1.19.2-1+deb9u5deepin,CVE-2017-12182,3.0,9.8
xorg-server,1.19.2-1+deb9u5deepin,CVE-2017-12181,3.0,9.8
xorg-server,1.19.2-1+deb9u5deepin,CVE-2017-12180,3.0,9.8
xorg-server,1.19.2-1+deb9u5deepin,CVE-2017-12179,3.0,9.8
xorg-server,1.19.2-1+deb9u5deepin,CVE-2017-12178,3.0,9.8
xorg-server,1.19.2-1+deb9u5deepin,CVE-2017-12177,3.0,9.8
xorg-server,1.19.2-1+deb9u5deepin,CVE-2017-12176,3.0,9.8
xorg-server,1.19.2-1+deb9u5deepin,CVE-2017-10971,3.0,8.8
xorg-server,1.19.2-1+deb9u5deepin,CVE-2017-13723,3.0,7.8
xorg-server,1.19.2-1+deb9u5deepin,CVE-2017-2624,3.0,7.0
xorg-server,1.19.2-1+deb9u5deepin,CVE-2017-10972,3.0,6.5
xorg-server,1.19.2-1+deb9u5deepin,CVE-2017-13721,3.0,4.7
xorg-server,1.19.3-2deepin,CVE-2017-12187,3.0,9.8
xorg-server,1.19.3-2deepin,CVE-2017-12186,3.0,9.8
xorg-server,1.19.3-2deepin,CVE-2017-12185,3.0,9.8
xorg-server,1.19.3-2deepin,CVE-2017-12184,3.0,9.8
xorg-server,1.19.3-2deepin,CVE-2017-12183,3.0,9.8
xorg-server,1.19.3-2deepin,CVE-2017-12182,3.0,9.8
xorg-server,1.19.3-2deepin,CVE-2017-12181,3.0,9.8
xorg-server,1.19.3-2deepin,CVE-2017-12180,3.0,9.8
xorg-server,1.19.3-2deepin,CVE-2017-12179,3.0,9.8
xorg-server,1.19.3-2deepin,CVE-2017-12178,3.0,9.8
xorg-server,1.19.3-2deepin,CVE-2017-12177,3.0,9.8
xorg-server,1.19.3-2deepin,CVE-2017-12176,3.0,9.8
xorg-server,1.19.3-2deepin,CVE-2017-2624,3.0,7.0
zlib,1.1.3,CVE-2016-9843,3.0,9.8
zlib,1.1.3,CVE-2016-9841,3.0,9.8
zlib,1.1.3,CVE-2016-9842,3.0,8.8
zlib,1.1.3,CVE-2016-9840,3.0,8.8
zlib,1.1.3,CVE-2002-0059,2.0,7.5
zlib,1.1.4,CVE-2016-9843,3.0,9.8
zlib,1.1.4,CVE-2016-9841,3.0,9.8
zlib,1.1.4,CVE-2016-9842,3.0,8.8
zlib,1.1.4,CVE-2016-9840,3.0,8.8
zlib,1.1.4,CVE-2003-0107,2.0,7.5
zlib,1.2.1,CVE-2016-9843,3.0,9.8
zlib,1.2.1,CVE-2016-9841,3.0,9.8
zlib,1.2.1,CVE-2016-9842,3.0,8.8
zlib,1.2.1,CVE-2016-9840,3.0,8.8
zlib,1.2.1,CVE-2005-2096,2.0,7.5
zlib,1.2.1,CVE-2004-0797,2.0,2.1
zlib,1.2.3,CVE-2016-9843,3.0,9.8
zlib,1.2.3,CVE-2016-9841,3.0,9.8
zlib,1.2.3,CVE-2016-9842,3.0,8.8
zlib,1.2.3,CVE-2016-9840,3.0,8.8
zlib,1.2.5,CVE-2016-9843,3.0,9.8
zlib,1.2.5,CVE-2016-9841,3.0,9.8
zlib,1.2.5,CVE-2016-9842,3.0,8.8
zlib,1.2.5,CVE-2016-9840,3.0,8.8
zlib,1.2.7,CVE-2016-9843,3.0,9.8
zlib,1.2.7,CVE-2016-9841,3.0,9.8
zlib,1.2.7,CVE-2016-9842,3.0,8.8
zlib,1.2.7,CVE-2016-9840,3.0,8.8
zlib,1.2.8,CVE-2016-9843,3.0,9.8
zlib,1.2.8,CVE-2016-9841,3.0,9.8
zlib,1.2.8,CVE-2016-9842,3.0,8.8
zlib,1.2.8,CVE-2016-9840,3.0,8.8
